2026-04-06 19:16:16,492 1 INFO ? odoo.service.server: Initiating shutdown 
2026-04-06 19:16:16,493 1 INFO ? odoo.service.server: Hit CTRL-C again or send a second signal to force the shutdown. 
2026-04-06 19:16:16,658 1 INFO ? odoo.sql_db: ConnectionPool(used=0/count=0/max=64): Closed 2 connections  
2026-04-06 19:16:17,382 1 INFO ? odoo: Odoo version 17.0-20260324 
2026-04-06 19:16:17,382 1 INFO ? odoo: Using configuration file at /etc/odoo/odoo.conf 
2026-04-06 19:16:17,382 1 INFO ? odoo: addons paths: ['/usr/lib/python3/dist-packages/odoo/addons', '/mnt/extra-addons'] 
2026-04-06 19:16:17,382 1 INFO ? odoo: database: odoo@db15:5432 
2026-04-06 19:16:17,426 1 INFO ? odoo.addons.base.models.ir_actions_report: Will use the Wkhtmltopdf binary at /usr/local/bin/wkhtmltopdf 
2026-04-06 19:16:17,505 1 INFO ? odoo.service.server: HTTP service (werkzeug) running on a1a1d9b02d69:8069 
2026-04-06 19:16:23,783 1 ERROR ? odoo.http: Exception during request handling. 
Traceback (most recent call last):
  File "/usr/lib/python3/dist-packages/odoo/tools/config.py", line 791, in session_dir
    os.makedirs(d, 0o700)
  File "/usr/lib/python3.10/os.py", line 225, in makedirs
    mkdir(name, mode)
FileExistsError: [Errno 17] File exists: '/var/lib/odoo/sessions'

During handling of the above exception, another exception occurred:

Traceback (most recent call last):
  File "/usr/lib/python3/dist-packages/odoo/http.py", line 2403, in __call__
    request._post_init()
  File "/usr/lib/python3/dist-packages/odoo/http.py", line 1587, in _post_init
    self.session, self.db = self._get_session_and_dbname()
  File "/usr/lib/python3/dist-packages/odoo/http.py", line 1592, in _get_session_and_dbname
    if not sid or not root.session_store.is_valid_key(sid):
  File "/usr/lib/python3/dist-packages/odoo/tools/func.py", line 28, in __get__
    value = self.fget(obj)
  File "/usr/lib/python3/dist-packages/odoo/http.py", line 2329, in session_store
    path = odoo.tools.config.session_dir
  File "/usr/lib/python3/dist-packages/odoo/tools/config.py", line 795, in session_dir
    assert os.access(d, os.W_OK), \
AssertionError: /var/lib/odoo/sessions: directory is not writable
2026-04-06 19:16:23,784 1 INFO ? werkzeug: 172.16.31.134 - - [06/Apr/2026 19:16:23] "GET / HTTP/1.1" 500 - 0 0.000 0.001
2026-04-06 19:16:23,813 1 ERROR ? odoo.http: Exception during request handling. 
Traceback (most recent call last):
  File "/usr/lib/python3/dist-packages/odoo/tools/config.py", line 791, in session_dir
    os.makedirs(d, 0o700)
  File "/usr/lib/python3.10/os.py", line 225, in makedirs
    mkdir(name, mode)
FileExistsError: [Errno 17] File exists: '/var/lib/odoo/sessions'

During handling of the above exception, another exception occurred:

Traceback (most recent call last):
  File "/usr/lib/python3/dist-packages/odoo/http.py", line 2403, in __call__
    request._post_init()
  File "/usr/lib/python3/dist-packages/odoo/http.py", line 1587, in _post_init
    self.session, self.db = self._get_session_and_dbname()
  File "/usr/lib/python3/dist-packages/odoo/http.py", line 1592, in _get_session_and_dbname
    if not sid or not root.session_store.is_valid_key(sid):
  File "/usr/lib/python3/dist-packages/odoo/tools/func.py", line 28, in __get__
    value = self.fget(obj)
  File "/usr/lib/python3/dist-packages/odoo/http.py", line 2329, in session_store
    path = odoo.tools.config.session_dir
  File "/usr/lib/python3/dist-packages/odoo/tools/config.py", line 795, in session_dir
    assert os.access(d, os.W_OK), \
AssertionError: /var/lib/odoo/sessions: directory is not writable
2026-04-06 19:16:23,814 1 INFO ? werkzeug: 172.16.31.134 - - [06/Apr/2026 19:16:23] "GET /favicon.ico HTTP/1.1" 500 - 0 0.000 0.001
2026-04-06 19:16:24,758 1 ERROR ? odoo.http: Exception during request handling. 
Traceback (most recent call last):
  File "/usr/lib/python3/dist-packages/odoo/tools/config.py", line 791, in session_dir
    os.makedirs(d, 0o700)
  File "/usr/lib/python3.10/os.py", line 225, in makedirs
    mkdir(name, mode)
FileExistsError: [Errno 17] File exists: '/var/lib/odoo/sessions'

During handling of the above exception, another exception occurred:

Traceback (most recent call last):
  File "/usr/lib/python3/dist-packages/odoo/http.py", line 2403, in __call__
    request._post_init()
  File "/usr/lib/python3/dist-packages/odoo/http.py", line 1587, in _post_init
    self.session, self.db = self._get_session_and_dbname()
  File "/usr/lib/python3/dist-packages/odoo/http.py", line 1592, in _get_session_and_dbname
    if not sid or not root.session_store.is_valid_key(sid):
  File "/usr/lib/python3/dist-packages/odoo/tools/func.py", line 28, in __get__
    value = self.fget(obj)
  File "/usr/lib/python3/dist-packages/odoo/http.py", line 2329, in session_store
    path = odoo.tools.config.session_dir
  File "/usr/lib/python3/dist-packages/odoo/tools/config.py", line 795, in session_dir
    assert os.access(d, os.W_OK), \
AssertionError: /var/lib/odoo/sessions: directory is not writable
2026-04-06 19:16:24,759 1 INFO ? werkzeug: 172.16.31.134 - - [06/Apr/2026 19:16:24] "GET / HTTP/1.1" 500 - 0 0.000 0.001
2026-04-06 19:16:24,781 1 ERROR ? odoo.http: Exception during request handling. 
Traceback (most recent call last):
  File "/usr/lib/python3/dist-packages/odoo/tools/config.py", line 791, in session_dir
    os.makedirs(d, 0o700)
  File "/usr/lib/python3.10/os.py", line 225, in makedirs
    mkdir(name, mode)
FileExistsError: [Errno 17] File exists: '/var/lib/odoo/sessions'

During handling of the above exception, another exception occurred:

Traceback (most recent call last):
  File "/usr/lib/python3/dist-packages/odoo/http.py", line 2403, in __call__
    request._post_init()
  File "/usr/lib/python3/dist-packages/odoo/http.py", line 1587, in _post_init
    self.session, self.db = self._get_session_and_dbname()
  File "/usr/lib/python3/dist-packages/odoo/http.py", line 1592, in _get_session_and_dbname
    if not sid or not root.session_store.is_valid_key(sid):
  File "/usr/lib/python3/dist-packages/odoo/tools/func.py", line 28, in __get__
    value = self.fget(obj)
  File "/usr/lib/python3/dist-packages/odoo/http.py", line 2329, in session_store
    path = odoo.tools.config.session_dir
  File "/usr/lib/python3/dist-packages/odoo/tools/config.py", line 795, in session_dir
    assert os.access(d, os.W_OK), \
AssertionError: /var/lib/odoo/sessions: directory is not writable
2026-04-06 19:16:24,781 1 INFO ? werkzeug: 172.16.31.134 - - [06/Apr/2026 19:16:24] "GET /favicon.ico HTTP/1.1" 500 - 0 0.000 0.001
2026-04-06 19:16:24,896 1 ERROR ? odoo.http: Exception during request handling. 
Traceback (most recent call last):
  File "/usr/lib/python3/dist-packages/odoo/tools/config.py", line 791, in session_dir
    os.makedirs(d, 0o700)
  File "/usr/lib/python3.10/os.py", line 225, in makedirs
    mkdir(name, mode)
FileExistsError: [Errno 17] File exists: '/var/lib/odoo/sessions'

During handling of the above exception, another exception occurred:

Traceback (most recent call last):
  File "/usr/lib/python3/dist-packages/odoo/http.py", line 2403, in __call__
    request._post_init()
  File "/usr/lib/python3/dist-packages/odoo/http.py", line 1587, in _post_init
    self.session, self.db = self._get_session_and_dbname()
  File "/usr/lib/python3/dist-packages/odoo/http.py", line 1592, in _get_session_and_dbname
    if not sid or not root.session_store.is_valid_key(sid):
  File "/usr/lib/python3/dist-packages/odoo/tools/func.py", line 28, in __get__
    value = self.fget(obj)
  File "/usr/lib/python3/dist-packages/odoo/http.py", line 2329, in session_store
    path = odoo.tools.config.session_dir
  File "/usr/lib/python3/dist-packages/odoo/tools/config.py", line 795, in session_dir
    assert os.access(d, os.W_OK), \
AssertionError: /var/lib/odoo/sessions: directory is not writable
2026-04-06 19:16:24,896 1 INFO ? werkzeug: 172.16.31.134 - - [06/Apr/2026 19:16:24] "GET / HTTP/1.1" 500 - 0 0.000 0.001
2026-04-06 19:16:24,929 1 ERROR ? odoo.http: Exception during request handling. 
Traceback (most recent call last):
  File "/usr/lib/python3/dist-packages/odoo/tools/config.py", line 791, in session_dir
    os.makedirs(d, 0o700)
  File "/usr/lib/python3.10/os.py", line 225, in makedirs
    mkdir(name, mode)
FileExistsError: [Errno 17] File exists: '/var/lib/odoo/sessions'

During handling of the above exception, another exception occurred:

Traceback (most recent call last):
  File "/usr/lib/python3/dist-packages/odoo/http.py", line 2403, in __call__
    request._post_init()
  File "/usr/lib/python3/dist-packages/odoo/http.py", line 1587, in _post_init
    self.session, self.db = self._get_session_and_dbname()
  File "/usr/lib/python3/dist-packages/odoo/http.py", line 1592, in _get_session_and_dbname
    if not sid or not root.session_store.is_valid_key(sid):
  File "/usr/lib/python3/dist-packages/odoo/tools/func.py", line 28, in __get__
    value = self.fget(obj)
  File "/usr/lib/python3/dist-packages/odoo/http.py", line 2329, in session_store
    path = odoo.tools.config.session_dir
  File "/usr/lib/python3/dist-packages/odoo/tools/config.py", line 795, in session_dir
    assert os.access(d, os.W_OK), \
AssertionError: /var/lib/odoo/sessions: directory is not writable
2026-04-06 19:16:24,930 1 INFO ? werkzeug: 172.16.31.134 - - [06/Apr/2026 19:16:24] "GET /favicon.ico HTTP/1.1" 500 - 0 0.000 0.001
2026-04-06 19:16:25,063 1 ERROR ? odoo.http: Exception during request handling. 
Traceback (most recent call last):
  File "/usr/lib/python3/dist-packages/odoo/tools/config.py", line 791, in session_dir
    os.makedirs(d, 0o700)
  File "/usr/lib/python3.10/os.py", line 225, in makedirs
    mkdir(name, mode)
FileExistsError: [Errno 17] File exists: '/var/lib/odoo/sessions'

During handling of the above exception, another exception occurred:

Traceback (most recent call last):
  File "/usr/lib/python3/dist-packages/odoo/http.py", line 2403, in __call__
    request._post_init()
  File "/usr/lib/python3/dist-packages/odoo/http.py", line 1587, in _post_init
    self.session, self.db = self._get_session_and_dbname()
  File "/usr/lib/python3/dist-packages/odoo/http.py", line 1592, in _get_session_and_dbname
    if not sid or not root.session_store.is_valid_key(sid):
  File "/usr/lib/python3/dist-packages/odoo/tools/func.py", line 28, in __get__
    value = self.fget(obj)
  File "/usr/lib/python3/dist-packages/odoo/http.py", line 2329, in session_store
    path = odoo.tools.config.session_dir
  File "/usr/lib/python3/dist-packages/odoo/tools/config.py", line 795, in session_dir
    assert os.access(d, os.W_OK), \
AssertionError: /var/lib/odoo/sessions: directory is not writable
2026-04-06 19:16:25,064 1 INFO ? werkzeug: 172.16.31.134 - - [06/Apr/2026 19:16:25] "GET / HTTP/1.1" 500 - 0 0.000 0.001
2026-04-06 19:16:25,092 1 ERROR ? odoo.http: Exception during request handling. 
Traceback (most recent call last):
  File "/usr/lib/python3/dist-packages/odoo/tools/config.py", line 791, in session_dir
    os.makedirs(d, 0o700)
  File "/usr/lib/python3.10/os.py", line 225, in makedirs
    mkdir(name, mode)
FileExistsError: [Errno 17] File exists: '/var/lib/odoo/sessions'

During handling of the above exception, another exception occurred:

Traceback (most recent call last):
  File "/usr/lib/python3/dist-packages/odoo/http.py", line 2403, in __call__
    request._post_init()
  File "/usr/lib/python3/dist-packages/odoo/http.py", line 1587, in _post_init
    self.session, self.db = self._get_session_and_dbname()
  File "/usr/lib/python3/dist-packages/odoo/http.py", line 1592, in _get_session_and_dbname
    if not sid or not root.session_store.is_valid_key(sid):
  File "/usr/lib/python3/dist-packages/odoo/tools/func.py", line 28, in __get__
    value = self.fget(obj)
  File "/usr/lib/python3/dist-packages/odoo/http.py", line 2329, in session_store
    path = odoo.tools.config.session_dir
  File "/usr/lib/python3/dist-packages/odoo/tools/config.py", line 795, in session_dir
    assert os.access(d, os.W_OK), \
AssertionError: /var/lib/odoo/sessions: directory is not writable
2026-04-06 19:16:25,092 1 INFO ? werkzeug: 172.16.31.134 - - [06/Apr/2026 19:16:25] "GET /favicon.ico HTTP/1.1" 500 - 0 0.000 0.001
2026-04-06 19:27:46,844 1 INFO ? odoo.service.server: Initiating shutdown 
2026-04-06 19:27:46,845 1 INFO ? odoo.service.server: Hit CTRL-C again or send a second signal to force the shutdown. 
2026-04-06 19:27:47,184 1 INFO ? odoo.sql_db: ConnectionPool(used=0/count=0/max=64): Closed 2 connections  
2026-04-06 19:27:47,930 1 INFO ? odoo: Odoo version 17.0-20260324 
2026-04-06 19:27:47,930 1 INFO ? odoo: Using configuration file at /etc/odoo/odoo.conf 
2026-04-06 19:27:47,930 1 INFO ? odoo: addons paths: ['/usr/lib/python3/dist-packages/odoo/addons', '/mnt/extra-addons'] 
2026-04-06 19:27:47,930 1 INFO ? odoo: database: odoo@db15:5432 
2026-04-06 19:27:47,975 1 INFO ? odoo.addons.base.models.ir_actions_report: Will use the Wkhtmltopdf binary at /usr/local/bin/wkhtmltopdf 
2026-04-06 19:27:48,054 1 INFO ? odoo.service.server: HTTP service (werkzeug) running on a1a1d9b02d69:8069 
2026-04-06 19:27:53,924 1 INFO ? werkzeug: 172.16.31.134 - - [06/Apr/2026 19:27:53] "GET / HTTP/1.1" 303 - 1 0.001 0.016
2026-04-06 19:27:53,955 1 INFO ? werkzeug: 172.16.31.134 - - [06/Apr/2026 19:27:53] "GET /web HTTP/1.1" 303 - 2 0.002 0.012
2026-04-06 19:27:54,002 1 INFO ? werkzeug: 172.16.31.134 - - [06/Apr/2026 19:27:54] "GET /web/database/selector HTTP/1.1" 200 - 2 0.002 0.040
2026-04-06 19:27:54,734 1 INFO ? werkzeug: 172.16.31.134 - - [06/Apr/2026 19:27:54] "GET /web/static/lib/bootstrap/js/dist/dom/manipulator.js HTTP/1.1" 200 - 1 0.001 0.699
2026-04-06 19:27:54,735 1 INFO ? werkzeug: 172.16.31.134 - - [06/Apr/2026 19:27:54] "GET /web/static/lib/bootstrap/js/dist/dom/data.js HTTP/1.1" 200 - 1 0.001 0.700
2026-04-06 19:27:54,736 1 INFO ? werkzeug: 172.16.31.134 - - [06/Apr/2026 19:27:54] "GET /web/static/lib/bootstrap/js/dist/dom/selector-engine.js HTTP/1.1" 200 - 1 0.001 0.699
2026-04-06 19:27:54,736 1 INFO ? werkzeug: 172.16.31.134 - - [06/Apr/2026 19:27:54] "GET /web/static/src/libs/fontawesome/css/font-awesome.css HTTP/1.1" 200 - 1 0.001 0.702
2026-04-06 19:27:54,737 1 INFO ? werkzeug: 172.16.31.134 - - [06/Apr/2026 19:27:54] "GET /web/static/lib/bootstrap/dist/css/bootstrap.css HTTP/1.1" 200 - 1 0.001 0.702
2026-04-06 19:27:54,737 1 INFO ? werkzeug: 172.16.31.134 - - [06/Apr/2026 19:27:54] "GET /web/static/lib/bootstrap/js/dist/dom/event-handler.js HTTP/1.1" 200 - 1 0.001 0.702
2026-04-06 19:27:54,786 1 INFO ? werkzeug: 172.16.31.134 - - [06/Apr/2026 19:27:54] "GET /web/static/lib/bootstrap/js/dist/modal.js HTTP/1.1" 200 - 1 0.001 0.022
2026-04-06 19:27:54,787 1 INFO ? werkzeug: 172.16.31.134 - - [06/Apr/2026 19:27:54] "GET /web/static/lib/bootstrap/js/dist/base-component.js HTTP/1.1" 200 - 1 0.001 0.023
2026-04-06 19:27:54,788 1 INFO ? werkzeug: 172.16.31.134 - - [06/Apr/2026 19:27:54] "GET /web/static/src/public/database_manager.js HTTP/1.1" 200 - 1 0.001 0.025
2026-04-06 19:27:54,789 1 INFO ? werkzeug: 172.16.31.134 - - [06/Apr/2026 19:27:54] "GET /web/static/img/logo2.png HTTP/1.1" 200 - 1 0.001 0.025
2026-04-06 19:27:54,827 1 INFO ? werkzeug: 172.16.31.134 - - [06/Apr/2026 19:27:54] "GET /web/static/src/libs/fontawesome/fonts/fontawesome-webfont.woff2?v=4.7.0 HTTP/1.1" 200 - 1 0.001 0.006
2026-04-06 19:27:54,860 1 INFO ? werkzeug: 172.16.31.134 - - [06/Apr/2026 19:27:54] "GET /web/static/img/favicon.ico HTTP/1.1" 200 - 1 0.001 0.006
2026-04-06 19:30:41,429 1 INFO ? odoo.service.server: Initiating shutdown 
2026-04-06 19:30:41,429 1 INFO ? odoo.service.server: Hit CTRL-C again or send a second signal to force the shutdown. 
2026-04-06 19:30:41,620 1 INFO ? odoo.sql_db: ConnectionPool(used=0/count=0/max=64): Closed 2 connections  
2026-04-06 19:30:42,343 1 WARNING ? py.warnings: /usr/lib/python3/dist-packages/odoo/tools/config.py:580: DeprecationWarning: The longpolling-port is a deprecated alias to the gevent-port option, please use the latter.
  File "/usr/bin/odoo", line 8, in <module>
    odoo.cli.main()
  File "/usr/lib/python3/dist-packages/odoo/cli/command.py", line 76, in main
    o.run(args)
  File "/usr/lib/python3/dist-packages/odoo/cli/server.py", line 186, in run
    main(args)
  File "/usr/lib/python3/dist-packages/odoo/cli/server.py", line 133, in main
    odoo.tools.config.parse_config(args)
  File "/usr/lib/python3/dist-packages/odoo/tools/config.py", line 391, in parse_config
    self._warn_deprecated_options()
  File "/usr/lib/python3/dist-packages/odoo/tools/config.py", line 580, in _warn_deprecated_options
    warnings.warn(
 
2026-04-06 19:30:42,344 1 INFO ? odoo: Odoo version 17.0-20260324 
2026-04-06 19:30:42,344 1 INFO ? odoo: Using configuration file at /etc/odoo/odoo.conf 
2026-04-06 19:30:42,344 1 INFO ? odoo: addons paths: ['/usr/lib/python3/dist-packages/odoo/addons', '/mnt/extra-addons'] 
2026-04-06 19:30:42,344 1 INFO ? odoo: database: odoo@db15:5432 
2026-04-06 19:30:42,387 1 INFO ? odoo.addons.base.models.ir_actions_report: Will use the Wkhtmltopdf binary at /usr/local/bin/wkhtmltopdf 
2026-04-06 19:30:42,462 1 INFO ? odoo.service.server: HTTP service (werkzeug) running on 0.0.0.0:8069 
2026-04-06 19:30:42,465 31 INFO ? odoo.service.server: Worker WorkerHTTP (31) alive 
2026-04-06 19:30:42,467 32 INFO ? odoo.service.server: Worker WorkerHTTP (32) alive 
2026-04-06 19:30:42,468 34 INFO ? odoo.service.server: Worker WorkerHTTP (34) alive 
2026-04-06 19:30:42,469 36 INFO ? odoo.service.server: Worker WorkerHTTP (36) alive 
2026-04-06 19:30:42,472 40 INFO ? odoo.service.server: Worker WorkerCron (40) alive 
2026-04-06 19:30:42,833 38 WARNING ? py.warnings: /usr/lib/python3/dist-packages/odoo/tools/config.py:580: DeprecationWarning: The longpolling-port is a deprecated alias to the gevent-port option, please use the latter.
  File "/usr/bin/odoo", line 8, in <module>
    odoo.cli.main()
  File "/usr/lib/python3/dist-packages/odoo/cli/command.py", line 76, in main
    o.run(args)
  File "/usr/lib/python3/dist-packages/odoo/cli/server.py", line 186, in run
    main(args)
  File "/usr/lib/python3/dist-packages/odoo/cli/server.py", line 133, in main
    odoo.tools.config.parse_config(args)
  File "/usr/lib/python3/dist-packages/odoo/tools/config.py", line 391, in parse_config
    self._warn_deprecated_options()
  File "/usr/lib/python3/dist-packages/odoo/tools/config.py", line 580, in _warn_deprecated_options
    warnings.warn(
 
2026-04-06 19:30:42,833 38 INFO ? odoo: Odoo version 17.0-20260324 
2026-04-06 19:30:42,833 38 INFO ? odoo: Using configuration file at /etc/odoo/odoo.conf 
2026-04-06 19:30:42,833 38 INFO ? odoo: addons paths: ['/usr/lib/python3/dist-packages/odoo/addons', '/mnt/extra-addons'] 
2026-04-06 19:30:42,833 38 INFO ? odoo: database: odoo@db15:5432 
2026-04-06 19:30:42,900 38 INFO ? odoo.addons.base.models.ir_actions_report: Will use the Wkhtmltopdf binary at /usr/local/bin/wkhtmltopdf 
2026-04-06 19:30:42,972 38 INFO ? odoo.service.server: Evented Service (longpolling) running on 0.0.0.0:8072 
2026-04-06 19:30:50,290 36 INFO ? werkzeug: 172.16.31.134 - - [06/Apr/2026 19:30:50] "GET /web/database/selector HTTP/1.1" 200 - 2 0.002 0.057
2026-04-06 19:30:54,158 32 INFO ? werkzeug: 172.16.31.134 - - [06/Apr/2026 19:30:54] "GET / HTTP/1.1" 303 - 1 0.001 0.019
2026-04-06 19:30:54,177 32 INFO ? werkzeug: 172.16.31.134 - - [06/Apr/2026 19:30:54] "GET /web HTTP/1.1" 303 - 2 0.001 0.011
2026-04-06 19:30:54,254 31 INFO ? werkzeug: 172.16.31.134 - - [06/Apr/2026 19:30:54] "GET /web/database/selector HTTP/1.1" 200 - 2 0.002 0.063
2026-04-07 13:45:21,176 1 WARNING ? py.warnings: /usr/lib/python3/dist-packages/odoo/tools/config.py:580: DeprecationWarning: The longpolling-port is a deprecated alias to the gevent-port option, please use the latter.
  File "/usr/bin/odoo", line 8, in <module>
    odoo.cli.main()
  File "/usr/lib/python3/dist-packages/odoo/cli/command.py", line 76, in main
    o.run(args)
  File "/usr/lib/python3/dist-packages/odoo/cli/server.py", line 186, in run
    main(args)
  File "/usr/lib/python3/dist-packages/odoo/cli/server.py", line 133, in main
    odoo.tools.config.parse_config(args)
  File "/usr/lib/python3/dist-packages/odoo/tools/config.py", line 391, in parse_config
    self._warn_deprecated_options()
  File "/usr/lib/python3/dist-packages/odoo/tools/config.py", line 580, in _warn_deprecated_options
    warnings.warn(
 
2026-04-07 13:45:21,177 1 INFO ? odoo: Odoo version 17.0-20260324 
2026-04-07 13:45:21,177 1 INFO ? odoo: Using configuration file at /etc/odoo/odoo.conf 
2026-04-07 13:45:21,177 1 INFO ? odoo: addons paths: ['/usr/lib/python3/dist-packages/odoo/addons', '/mnt/extra-addons'] 
2026-04-07 13:45:21,177 1 INFO ? odoo: database: odoo@db15:5432 
2026-04-07 13:45:21,244 1 INFO ? odoo.addons.base.models.ir_actions_report: Will use the Wkhtmltopdf binary at /usr/local/bin/wkhtmltopdf 
2026-04-07 13:45:21,385 1 INFO ? odoo.service.server: HTTP service (werkzeug) running on 0.0.0.0:8069 
2026-04-07 13:45:21,387 31 INFO ? odoo.service.server: Worker WorkerHTTP (31) alive 
2026-04-07 13:45:21,388 32 INFO ? odoo.service.server: Worker WorkerHTTP (32) alive 
2026-04-07 13:45:21,388 33 INFO ? odoo.service.server: Worker WorkerHTTP (33) alive 
2026-04-07 13:45:21,391 35 INFO ? odoo.service.server: Worker WorkerHTTP (35) alive 
2026-04-07 13:45:21,393 39 INFO ? odoo.service.server: Worker WorkerCron (39) alive 
2026-04-07 13:45:21,741 36 WARNING ? py.warnings: /usr/lib/python3/dist-packages/odoo/tools/config.py:580: DeprecationWarning: The longpolling-port is a deprecated alias to the gevent-port option, please use the latter.
  File "/usr/bin/odoo", line 8, in <module>
    odoo.cli.main()
  File "/usr/lib/python3/dist-packages/odoo/cli/command.py", line 76, in main
    o.run(args)
  File "/usr/lib/python3/dist-packages/odoo/cli/server.py", line 186, in run
    main(args)
  File "/usr/lib/python3/dist-packages/odoo/cli/server.py", line 133, in main
    odoo.tools.config.parse_config(args)
  File "/usr/lib/python3/dist-packages/odoo/tools/config.py", line 391, in parse_config
    self._warn_deprecated_options()
  File "/usr/lib/python3/dist-packages/odoo/tools/config.py", line 580, in _warn_deprecated_options
    warnings.warn(
 
2026-04-07 13:45:21,741 36 INFO ? odoo: Odoo version 17.0-20260324 
2026-04-07 13:45:21,741 36 INFO ? odoo: Using configuration file at /etc/odoo/odoo.conf 
2026-04-07 13:45:21,741 36 INFO ? odoo: addons paths: ['/usr/lib/python3/dist-packages/odoo/addons', '/mnt/extra-addons'] 
2026-04-07 13:45:21,741 36 INFO ? odoo: database: odoo@db15:5432 
2026-04-07 13:45:21,807 36 INFO ? odoo.addons.base.models.ir_actions_report: Will use the Wkhtmltopdf binary at /usr/local/bin/wkhtmltopdf 
2026-04-07 13:45:21,875 36 INFO ? odoo.service.server: Evented Service (longpolling) running on 0.0.0.0:8072 
2026-04-07 13:45:29,460 32 INFO ? werkzeug: 172.16.31.134 - - [07/Apr/2026 13:45:29] "GET /web/database/selector HTTP/1.1" 200 - 2 0.006 0.057
2026-04-07 13:45:29,848 32 INFO ? werkzeug: 172.16.31.134 - - [07/Apr/2026 13:45:29] "GET /web/static/lib/bootstrap/js/dist/dom/data.js HTTP/1.1" 200 - 1 0.001 0.356
2026-04-07 13:45:29,848 33 INFO ? werkzeug: 172.16.31.134 - - [07/Apr/2026 13:45:29] "GET /web/static/lib/bootstrap/js/dist/dom/event-handler.js HTTP/1.1" 200 - 1 0.001 0.355
2026-04-07 13:45:29,849 31 INFO ? werkzeug: 172.16.31.134 - - [07/Apr/2026 13:45:29] "GET /web/static/src/libs/fontawesome/css/font-awesome.css HTTP/1.1" 200 - 1 0.001 0.360
2026-04-07 13:45:29,849 35 INFO ? werkzeug: 172.16.31.134 - - [07/Apr/2026 13:45:29] "GET /web/static/lib/bootstrap/dist/css/bootstrap.css HTTP/1.1" 200 - 1 0.001 0.357
2026-04-07 13:45:29,857 33 INFO ? werkzeug: 172.16.31.134 - - [07/Apr/2026 13:45:29] "GET /web/static/lib/bootstrap/js/dist/dom/selector-engine.js HTTP/1.1" 200 - 1 0.001 0.007
2026-04-07 13:45:29,857 32 INFO ? werkzeug: 172.16.31.134 - - [07/Apr/2026 13:45:29] "GET /web/static/lib/bootstrap/js/dist/dom/manipulator.js HTTP/1.1" 200 - 1 0.001 0.007
2026-04-07 13:45:29,873 33 INFO ? werkzeug: 172.16.31.134 - - [07/Apr/2026 13:45:29] "GET /web/static/lib/bootstrap/js/dist/base-component.js HTTP/1.1" 200 - 1 0.001 0.007
2026-04-07 13:45:29,876 32 INFO ? werkzeug: 172.16.31.134 - - [07/Apr/2026 13:45:29] "GET /web/static/src/public/database_manager.js HTTP/1.1" 200 - 1 0.001 0.006
2026-04-07 13:45:29,876 31 INFO ? werkzeug: 172.16.31.134 - - [07/Apr/2026 13:45:29] "GET /web/static/lib/bootstrap/js/dist/modal.js HTTP/1.1" 200 - 1 0.001 0.006
2026-04-07 13:45:29,880 35 INFO ? werkzeug: 172.16.31.134 - - [07/Apr/2026 13:45:29] "GET /web/static/img/logo2.png HTTP/1.1" 200 - 1 0.001 0.006
2026-04-07 13:45:29,927 31 INFO ? werkzeug: 172.16.31.134 - - [07/Apr/2026 13:45:29] "GET /web/static/src/libs/fontawesome/fonts/fontawesome-webfont.woff2?v=4.7.0 HTTP/1.1" 200 - 1 0.001 0.007
2026-04-07 13:45:29,969 31 INFO ? werkzeug: 172.16.31.134 - - [07/Apr/2026 13:45:29] "GET /web/static/img/favicon.ico HTTP/1.1" 200 - 1 0.001 0.007
2026-04-07 18:41:21,362 1 INFO ? odoo.service.server: Stopping gracefully 
2026-04-07 18:41:21,362 32 INFO ? odoo.service.server: Worker (32) exiting. request_count: 4, registry count: 0. 
2026-04-07 18:41:21,362 33 INFO ? odoo.service.server: Worker (33) exiting. request_count: 3, registry count: 0. 
2026-04-07 18:41:21,362 35 INFO ? odoo.service.server: Worker (35) exiting. request_count: 2, registry count: 0. 
2026-04-07 18:41:21,362 31 INFO ? odoo.service.server: Worker (31) exiting. request_count: 4, registry count: 0. 
2026-04-07 18:41:21,453 39 INFO ? odoo.service.server: Worker (39) exiting. request_count: 0, registry count: 0. 
2026-04-07 18:41:22,533 1 WARNING ? py.warnings: /usr/lib/python3/dist-packages/odoo/tools/config.py:580: DeprecationWarning: The longpolling-port is a deprecated alias to the gevent-port option, please use the latter.
  File "/usr/bin/odoo", line 8, in <module>
    odoo.cli.main()
  File "/usr/lib/python3/dist-packages/odoo/cli/command.py", line 76, in main
    o.run(args)
  File "/usr/lib/python3/dist-packages/odoo/cli/server.py", line 186, in run
    main(args)
  File "/usr/lib/python3/dist-packages/odoo/cli/server.py", line 133, in main
    odoo.tools.config.parse_config(args)
  File "/usr/lib/python3/dist-packages/odoo/tools/config.py", line 391, in parse_config
    self._warn_deprecated_options()
  File "/usr/lib/python3/dist-packages/odoo/tools/config.py", line 580, in _warn_deprecated_options
    warnings.warn(
 
2026-04-07 18:41:22,533 1 INFO ? odoo: Odoo version 17.0-20260324 
2026-04-07 18:41:22,533 1 INFO ? odoo: Using configuration file at /etc/odoo/odoo.conf 
2026-04-07 18:41:22,533 1 INFO ? odoo: addons paths: ['/usr/lib/python3/dist-packages/odoo/addons', '/mnt/extra-addons'] 
2026-04-07 18:41:22,533 1 INFO ? odoo: database: odoo@db15:5432 
2026-04-07 18:41:22,576 1 INFO ? odoo.addons.base.models.ir_actions_report: Will use the Wkhtmltopdf binary at /usr/local/bin/wkhtmltopdf 
2026-04-07 18:41:22,660 1 INFO ? odoo.service.server: HTTP service (werkzeug) running on 0.0.0.0:8069 
2026-04-07 18:41:22,662 31 INFO ? odoo.service.server: Worker WorkerHTTP (31) alive 
2026-04-07 18:41:22,664 32 INFO ? odoo.service.server: Worker WorkerHTTP (32) alive 
2026-04-07 18:41:22,665 34 INFO ? odoo.service.server: Worker WorkerHTTP (34) alive 
2026-04-07 18:41:22,667 36 INFO ? odoo.service.server: Worker WorkerHTTP (36) alive 
2026-04-07 18:41:22,669 39 INFO ? odoo.service.server: Worker WorkerCron (39) alive 
2026-04-07 18:41:22,982 37 WARNING ? py.warnings: /usr/lib/python3/dist-packages/odoo/tools/config.py:580: DeprecationWarning: The longpolling-port is a deprecated alias to the gevent-port option, please use the latter.
  File "/usr/bin/odoo", line 8, in <module>
    odoo.cli.main()
  File "/usr/lib/python3/dist-packages/odoo/cli/command.py", line 76, in main
    o.run(args)
  File "/usr/lib/python3/dist-packages/odoo/cli/server.py", line 186, in run
    main(args)
  File "/usr/lib/python3/dist-packages/odoo/cli/server.py", line 133, in main
    odoo.tools.config.parse_config(args)
  File "/usr/lib/python3/dist-packages/odoo/tools/config.py", line 391, in parse_config
    self._warn_deprecated_options()
  File "/usr/lib/python3/dist-packages/odoo/tools/config.py", line 580, in _warn_deprecated_options
    warnings.warn(
 
2026-04-07 18:41:22,982 37 INFO ? odoo: Odoo version 17.0-20260324 
2026-04-07 18:41:22,982 37 INFO ? odoo: Using configuration file at /etc/odoo/odoo.conf 
2026-04-07 18:41:22,982 37 INFO ? odoo: addons paths: ['/usr/lib/python3/dist-packages/odoo/addons', '/mnt/extra-addons'] 
2026-04-07 18:41:22,982 37 INFO ? odoo: database: odoo@db15:5432 
2026-04-07 18:41:23,041 37 INFO ? odoo.addons.base.models.ir_actions_report: Will use the Wkhtmltopdf binary at /usr/local/bin/wkhtmltopdf 
2026-04-07 18:41:23,105 37 INFO ? odoo.service.server: Evented Service (longpolling) running on 0.0.0.0:8072 
2026-04-07 18:41:45,970 34 INFO ? werkzeug: 172.16.31.134 - - [07/Apr/2026 18:41:45] "GET / HTTP/1.1" 303 - 1 0.001 0.026
2026-04-07 18:41:45,990 34 INFO ? werkzeug: 172.16.31.134 - - [07/Apr/2026 18:41:45] "GET /web HTTP/1.1" 303 - 2 0.002 0.011
2026-04-07 18:41:46,036 34 INFO ? werkzeug: 172.16.31.134 - - [07/Apr/2026 18:41:46] "GET /web/database/selector HTTP/1.1" 200 - 2 0.001 0.039
2026-04-07 18:41:46,190 34 INFO ? werkzeug: 172.18.0.3 - - [07/Apr/2026 18:41:46] "GET /web/static/lib/bootstrap/dist/css/bootstrap.css HTTP/1.1" 200 - 1 0.001 0.101
2026-04-07 18:41:46,191 32 INFO ? werkzeug: 172.18.0.3 - - [07/Apr/2026 18:41:46] "GET /web/static/lib/bootstrap/js/dist/dom/data.js HTTP/1.1" 200 - 1 0.001 0.100
2026-04-07 18:41:46,191 31 INFO ? werkzeug: 172.18.0.3 - - [07/Apr/2026 18:41:46] "GET /web/static/lib/bootstrap/js/dist/dom/event-handler.js HTTP/1.1" 200 - 1 0.001 0.100
2026-04-07 18:41:46,192 36 INFO ? werkzeug: 172.18.0.3 - - [07/Apr/2026 18:41:46] "GET /web/static/src/libs/fontawesome/css/font-awesome.css HTTP/1.1" 200 - 1 0.001 0.103
2026-04-07 18:41:46,198 34 INFO ? werkzeug: 172.18.0.3 - - [07/Apr/2026 18:41:46] "GET /web/static/lib/bootstrap/js/dist/dom/selector-engine.js HTTP/1.1" 200 - 1 0.001 0.006
2026-04-07 18:41:46,198 32 INFO ? werkzeug: 172.18.0.3 - - [07/Apr/2026 18:41:46] "GET /web/static/lib/bootstrap/js/dist/dom/manipulator.js HTTP/1.1" 200 - 1 0.001 0.006
2026-04-07 18:41:46,218 34 INFO ? werkzeug: 172.18.0.3 - - [07/Apr/2026 18:41:46] "GET /web/static/src/public/database_manager.js HTTP/1.1" 200 - 1 0.001 0.005
2026-04-07 18:41:46,218 32 INFO ? werkzeug: 172.18.0.3 - - [07/Apr/2026 18:41:46] "GET /web/static/img/logo2.png HTTP/1.1" 200 - 1 0.001 0.005
2026-04-07 18:41:46,218 36 INFO ? werkzeug: 172.18.0.3 - - [07/Apr/2026 18:41:46] "GET /web/static/lib/bootstrap/js/dist/base-component.js HTTP/1.1" 200 - 1 0.001 0.006
2026-04-07 18:41:46,218 31 INFO ? werkzeug: 172.18.0.3 - - [07/Apr/2026 18:41:46] "GET /web/static/lib/bootstrap/js/dist/modal.js HTTP/1.1" 200 - 1 0.001 0.006
2026-04-07 18:41:46,264 31 INFO ? werkzeug: 172.18.0.3 - - [07/Apr/2026 18:41:46] "GET /web/static/src/libs/fontawesome/fonts/fontawesome-webfont.woff2?v=4.7.0 HTTP/1.1" 200 - 1 0.001 0.005
2026-04-07 18:41:46,299 31 INFO ? werkzeug: 172.18.0.3 - - [07/Apr/2026 18:41:46] "GET /web/static/img/favicon.ico HTTP/1.1" 200 - 1 0.001 0.005
2026-04-07 18:59:07,307 36 INFO ? odoo.service.db: RESTORING DB: const_copy 
2026-04-07 18:59:49,834 36 INFO ? odoo.modules.loading: loading 1 modules... 
2026-04-07 18:59:49,837 36 INFO ? odoo.modules.loading: 1 modules loaded in 0.00s, 0 queries (+0 extra) 
2026-04-07 18:59:49,841 36 WARNING ? odoo.modules.graph: module stock_picking_procure_method: not installable, skipped 
2026-04-07 18:59:49,841 36 WARNING ? odoo.modules.graph: module om_account_budget: not installable, skipped 
2026-04-07 18:59:49,841 36 WARNING ? odoo.modules.graph: module account_analytic_parent: not installable, skipped 
2026-04-07 18:59:49,841 36 WARNING ? odoo.modules.graph: module odoo_dynamic_dashboard: not installable, skipped 
2026-04-07 18:59:49,841 36 WARNING ? odoo.modules.graph: module rcs_list_sticky_header: not installable, skipped 
2026-04-07 18:59:49,841 36 WARNING ? odoo.modules.graph: module partner_link_account_move_line: not installable, skipped 
2026-04-07 18:59:49,841 36 WARNING ? odoo.modules.graph: module report_xlsx: not installable, skipped 
2026-04-07 18:59:49,841 36 WARNING ? odoo.modules.graph: module dynamic_cashflow_statement: not installable, skipped 
2026-04-07 18:59:49,841 36 WARNING ? odoo.modules.graph: module base_view_inheritance_extension: not installable, skipped 
2026-04-07 18:59:49,841 36 WARNING ? odoo.modules.graph: module stock_no_negative: not installable, skipped 
2026-04-07 18:59:49,841 36 WARNING ? odoo.modules.graph: module date_range: not installable, skipped 
2026-04-07 18:59:49,841 36 WARNING ? odoo.modules.graph: module base_account_budget: not installable, skipped 
2026-04-07 18:59:49,841 36 WARNING ? odoo.modules.graph: module stock_direct_operation_account: not installable, skipped 
2026-04-07 18:59:49,841 36 WARNING ? odoo.modules.graph: module account_in_payment: not installable, skipped 
2026-04-07 18:59:49,841 36 WARNING ? odoo.modules.graph: module account_reconcile_oca: not installable, skipped 
2026-04-07 18:59:49,841 36 WARNING ? odoo.modules.graph: module report_sign: not installable, skipped 
2026-04-07 18:59:49,841 36 WARNING ? odoo.modules.graph: module qbg_partner_type: not installable, skipped 
2026-04-07 18:59:49,842 36 WARNING ? odoo.modules.graph: module account_statement_base: not installable, skipped 
2026-04-07 18:59:49,842 36 WARNING ? odoo.modules.graph: module asset_extension: not installable, skipped 
2026-04-07 18:59:49,842 36 WARNING ? odoo.modules.graph: module account_reconcile_model_oca: not installable, skipped 
2026-04-07 18:59:49,842 36 WARNING ? odoo.modules.graph: module account_mass_reconcile: not installable, skipped 
2026-04-07 18:59:49,842 36 WARNING ? odoo.modules.graph: module account_financial_report: not installable, skipped 
2026-04-07 18:59:49,842 36 WARNING ? odoo.modules.graph: module job_cost_estimate_customer: not installable, skipped 
2026-04-07 18:59:49,842 36 WARNING ? odoo.modules.graph: module asset_mro_maintenance_management: not installable, skipped 
2026-04-07 18:59:49,842 36 WARNING ? odoo.modules.graph: module job_work_order_expense: not installable, skipped 
2026-04-07 18:59:49,842 36 WARNING ? odoo.modules.graph: module asset_management: not installable, skipped 
2026-04-07 18:59:49,842 36 WARNING ? odoo.modules.graph: module om_account_asset: not installable, skipped 
2026-04-07 18:59:49,842 36 WARNING ? odoo.modules.graph: module account_analytic_tag: not installable, skipped 
2026-04-07 18:59:49,842 36 WARNING ? odoo.modules.graph: module account_hierarchy_tree: not installable, skipped 
2026-04-07 18:59:49,842 36 WARNING ? odoo.modules.graph: module om_recurring_payments: not installable, skipped 
2026-04-07 18:59:49,842 36 WARNING ? odoo.modules.graph: module asset_man_odoo_asset_integ: not installable, skipped 
2026-04-07 18:59:49,842 36 WARNING ? odoo.modules.graph: module nati_arabic_font: not installable, skipped 
2026-04-07 18:59:49,842 36 WARNING ? odoo.modules.graph: module purchase_location_by_line: not installable, skipped 
2026-04-07 18:59:49,842 36 WARNING ? odoo.modules.graph: module om_account_followup: not installable, skipped 
2026-04-07 18:59:49,842 36 WARNING ? odoo.modules.graph: module stock_picking_analytic: not installable, skipped 
2026-04-07 18:59:49,842 36 WARNING ? odoo.modules.graph: module purchase_delivery_split_date: not installable, skipped 
2026-04-07 18:59:49,842 36 WARNING ? odoo.modules.graph: module stock_analytic: not installable, skipped 
2026-04-07 18:59:49,843 36 WARNING ? odoo.modules.graph: module material_purchase_requisitions: not installable, skipped 
2026-04-07 18:59:49,843 36 WARNING ? odoo.modules.graph: module job_costing_budget_contracting: not installable, skipped 
2026-04-07 18:59:49,843 36 WARNING ? odoo.modules.graph: module job_costing_profit_loss: not installable, skipped 
2026-04-07 18:59:49,843 36 WARNING ? odoo.modules.graph: module dms: not installable, skipped 
2026-04-07 18:59:49,843 36 WARNING ? odoo.modules.graph: module qader_construction_dashboard: not installable, skipped 
2026-04-07 18:59:49,843 36 WARNING ? odoo.modules.graph: module job_order_material_requisition: not installable, skipped 
2026-04-07 18:59:49,843 36 WARNING ? odoo.modules.graph: module job_order_link_cost_sheet: not installable, skipped 
2026-04-07 18:59:49,843 36 WARNING ? odoo.modules.graph: module job_order_material_consumption: not installable, skipped 
2026-04-07 18:59:49,843 36 WARNING ? odoo.modules.graph: module stock_picking_create_purchase_order: not installable, skipped 
2026-04-07 18:59:49,843 36 WARNING ? odoo.modules.graph: module qader_job_order_equipment: not installable, skipped 
2026-04-07 18:59:49,843 36 WARNING ? odoo.modules.graph: module auto_database_backup: not installable, skipped 
2026-04-07 18:59:49,843 36 WARNING ? odoo.modules.graph: module qader_report: not installable, skipped 
2026-04-07 18:59:49,843 36 WARNING ? odoo.modules.graph: module web_timeline: not installable, skipped 
2026-04-07 18:59:49,843 36 WARNING ? odoo.modules.graph: module project_timeline: not installable, skipped 
2026-04-07 18:59:49,843 36 WARNING ? odoo.modules.graph: module account_cash_management: not installable, skipped 
2026-04-07 18:59:49,843 36 WARNING ? odoo.modules.graph: module construction_bi: not installable, skipped 
2026-04-07 18:59:49,844 36 WARNING ? odoo.modules.graph: module job_costing_dashboard: not installable, skipped 
2026-04-07 18:59:49,844 36 WARNING ? odoo.modules.graph: module construction_maintenance_equipment: not installable, skipped 
2026-04-07 18:59:49,844 36 WARNING ? odoo.modules.graph: module qader_contact_move_line_report: not installable, skipped 
2026-04-07 18:59:49,844 36 WARNING ? odoo.modules.graph: module qader_account_voucher: not installable, skipped 
2026-04-07 18:59:49,844 36 WARNING ? odoo.modules.graph: module qader_construction_account_voucher: not installable, skipped 
2026-04-07 18:59:49,844 36 WARNING ? odoo.modules.graph: module stock_move_actual_date: not installable, skipped 
2026-04-07 18:59:49,844 36 WARNING ? odoo.modules.graph: module odoo_job_costing_management: not installable, skipped 
2026-04-07 18:59:49,844 36 WARNING ? odoo.modules.graph: module job_costing_cost_actual: not installable, skipped 
2026-04-07 18:59:49,844 36 WARNING ? odoo.modules.graph: module job_equipments_maintenance_request: not installable, skipped 
2026-04-07 18:59:49,844 36 WARNING ? odoo.modules.graph: module job_inspection: not installable, skipped 
2026-04-07 18:59:49,845 36 WARNING ? odoo.modules.graph: module material_requisition_cost_sheet: not installable, skipped 
2026-04-07 18:59:49,845 36 WARNING ? odoo.modules.graph: module job_costing_volumn_trend: not installable, skipped 
2026-04-07 18:59:49,845 36 WARNING ? odoo.modules.graph: module access_rights_manager_custom: not installable, skipped 
2026-04-07 18:59:49,845 36 WARNING ? odoo.modules.graph: module qader_construction_report: not installable, skipped 
2026-04-07 18:59:49,845 36 WARNING ? odoo.modules.graph: module po_into_task: not installable, skipped 
2026-04-07 18:59:49,846 36 WARNING ? odoo.modules.graph: module qader_stock_report: not installable, skipped 
2026-04-07 18:59:49,846 36 WARNING ? odoo.modules.graph: module contract_schedule: not installable, skipped 
2026-04-07 18:59:49,846 36 WARNING ? odoo.modules.graph: module syn_disable_quick_create: not installable, skipped 
2026-04-07 18:59:49,846 36 WARNING ? odoo.modules.graph: module qader_construction_invoice_report: not installable, skipped 
2026-04-07 18:59:49,846 36 WARNING ? odoo.modules.graph: module om_account_accountant: not installable, skipped 
2026-04-07 18:59:49,846 36 WARNING ? odoo.modules.graph: module web_theme: not installable, skipped 
2026-04-07 18:59:49,846 36 WARNING ? odoo.modules.graph: module qader_construction_contract: not installable, skipped 
2026-04-07 18:59:49,848 36 WARNING ? odoo.modules.graph: module accounting_pdf_reports: not installable, skipped 
2026-04-07 18:59:49,849 36 WARNING ? odoo.modules.graph: module qad_l10n_ye: not installable, skipped 
2026-04-07 18:59:49,849 36 WARNING ? odoo.modules.graph: module qader_account_report: not installable, skipped 
2026-04-07 18:59:49,849 36 WARNING ? odoo.modules.graph: module qader_create_job_cost_sheet: not installable, skipped 
2026-04-07 18:59:49,849 36 WARNING ? odoo.modules.graph: module om_fiscal_year: not installable, skipped 
2026-04-07 18:59:49,849 36 WARNING ? odoo.modules.graph: module om_account_daily_reports: not installable, skipped 
2026-04-07 18:59:49,849 36 WARNING ? odoo.modules.graph: module qader_purchase_report: not installable, skipped 
2026-04-07 18:59:49,849 36 WARNING ? odoo.modules.graph: module qader_sales_report: not installable, skipped 
2026-04-07 18:59:49,850 36 WARNING ? odoo.modules.graph: module qader_project_block: not installable, skipped 
2026-04-07 18:59:49,850 36 WARNING ? odoo.modules.graph: module partner_daily_payment: not installable, skipped 
2026-04-07 18:59:49,851 36 INFO ? odoo.modules.loading: loading 121 modules... 
2026-04-07 18:59:50,565 36 INFO ? odoo.modules.loading: 121 modules loaded in 0.71s, 0 queries (+0 extra) 
2026-04-07 18:59:50,656 36 ERROR ? odoo.modules.loading: Some modules are not loaded, some dependencies or manifest may be missing: ['access_rights_manager_custom', 'account_analytic_parent', 'account_analytic_tag', 'account_cash_management', 'account_financial_report', 'account_hierarchy_tree', 'account_in_payment', 'account_mass_reconcile', 'account_reconcile_model_oca', 'account_reconcile_oca', 'account_statement_base', 'accounting_pdf_reports', 'asset_extension', 'asset_man_odoo_asset_integ', 'asset_management', 'asset_mro_maintenance_management', 'auto_database_backup', 'base_account_budget', 'base_view_inheritance_extension', 'construction_bi', 'construction_maintenance_equipment', 'contract_schedule', 'date_range', 'dms', 'dynamic_cashflow_statement', 'job_cost_estimate_customer', 'job_costing_budget_contracting', 'job_costing_cost_actual', 'job_costing_dashboard', 'job_costing_profit_loss', 'job_costing_volumn_trend', 'job_equipments_maintenance_request', 'job_inspection', 'job_order_link_cost_sheet', 'job_order_material_consumption', 'job_order_material_requisition', 'job_work_order_expense', 'material_purchase_requisitions', 'material_requisition_cost_sheet', 'nati_arabic_font', 'odoo_dynamic_dashboard', 'odoo_job_costing_management', 'om_account_accountant', 'om_account_asset', 'om_account_budget', 'om_account_daily_reports', 'om_account_followup', 'om_fiscal_year', 'om_recurring_payments', 'partner_daily_payment', 'partner_link_account_move_line', 'po_into_task', 'project_timeline', 'purchase_delivery_split_date', 'purchase_location_by_line', 'qad_l10n_ye', 'qader_account_report', 'qader_account_voucher', 'qader_construction_account_voucher', 'qader_construction_contract', 'qader_construction_dashboard', 'qader_construction_invoice_report', 'qader_construction_report', 'qader_contact_move_line_report', 'qader_create_job_cost_sheet', 'qader_job_order_equipment', 'qader_project_block', 'qader_purchase_report', 'qader_report', 'qader_sales_report', 'qader_stock_report', 'qbg_partner_type', 'rcs_list_sticky_header', 'report_sign', 'report_xlsx', 'stock_analytic', 'stock_direct_operation_account', 'stock_move_actual_date', 'stock_no_negative', 'stock_picking_analytic', 'stock_picking_create_purchase_order', 'stock_picking_procure_method', 'syn_disable_quick_create', 'web_theme', 'web_timeline'] 
2026-04-07 18:59:50,657 36 INFO ? odoo.modules.loading: Modules loaded. 
2026-04-07 18:59:50,659 36 INFO ? odoo.modules.registry: Registry loaded in 0.829s 
2026-04-07 18:59:50,835 36 INFO ? odoo.service.db: RESTORE DB: const_copy 
2026-04-07 18:59:50,853 36 INFO ? werkzeug: 172.16.31.134 - - [07/Apr/2026 18:59:50] "POST /web/database/restore HTTP/1.1" 303 - 22 0.103 43.906
2026-04-07 18:59:50,874 36 INFO const_copy odoo.addons.base.models.ir_http: Generating routing map for key None 
2026-04-07 18:59:51,192 36 INFO const_copy werkzeug: 172.16.31.134 - - [07/Apr/2026 18:59:51] "GET /web/database/manager HTTP/1.1" 200 - 9 0.003 0.322
2026-04-07 19:00:00,516 32 INFO ? odoo.modules.loading: loading 1 modules... 
2026-04-07 19:00:00,521 32 INFO ? odoo.modules.loading: 1 modules loaded in 0.00s, 0 queries (+0 extra) 
2026-04-07 19:00:00,524 32 WARNING ? odoo.modules.graph: module stock_picking_procure_method: not installable, skipped 
2026-04-07 19:00:00,524 32 WARNING ? odoo.modules.graph: module om_account_budget: not installable, skipped 
2026-04-07 19:00:00,524 32 WARNING ? odoo.modules.graph: module account_analytic_parent: not installable, skipped 
2026-04-07 19:00:00,524 32 WARNING ? odoo.modules.graph: module odoo_dynamic_dashboard: not installable, skipped 
2026-04-07 19:00:00,525 32 WARNING ? odoo.modules.graph: module rcs_list_sticky_header: not installable, skipped 
2026-04-07 19:00:00,525 32 WARNING ? odoo.modules.graph: module partner_link_account_move_line: not installable, skipped 
2026-04-07 19:00:00,525 32 WARNING ? odoo.modules.graph: module report_xlsx: not installable, skipped 
2026-04-07 19:00:00,525 32 WARNING ? odoo.modules.graph: module dynamic_cashflow_statement: not installable, skipped 
2026-04-07 19:00:00,525 32 WARNING ? odoo.modules.graph: module base_view_inheritance_extension: not installable, skipped 
2026-04-07 19:00:00,525 32 WARNING ? odoo.modules.graph: module stock_no_negative: not installable, skipped 
2026-04-07 19:00:00,525 32 WARNING ? odoo.modules.graph: module date_range: not installable, skipped 
2026-04-07 19:00:00,525 32 WARNING ? odoo.modules.graph: module base_account_budget: not installable, skipped 
2026-04-07 19:00:00,525 32 WARNING ? odoo.modules.graph: module stock_direct_operation_account: not installable, skipped 
2026-04-07 19:00:00,525 32 WARNING ? odoo.modules.graph: module account_in_payment: not installable, skipped 
2026-04-07 19:00:00,525 32 WARNING ? odoo.modules.graph: module account_reconcile_oca: not installable, skipped 
2026-04-07 19:00:00,525 32 WARNING ? odoo.modules.graph: module report_sign: not installable, skipped 
2026-04-07 19:00:00,525 32 WARNING ? odoo.modules.graph: module qbg_partner_type: not installable, skipped 
2026-04-07 19:00:00,525 32 WARNING ? odoo.modules.graph: module account_statement_base: not installable, skipped 
2026-04-07 19:00:00,525 32 WARNING ? odoo.modules.graph: module asset_extension: not installable, skipped 
2026-04-07 19:00:00,525 32 WARNING ? odoo.modules.graph: module account_reconcile_model_oca: not installable, skipped 
2026-04-07 19:00:00,525 32 WARNING ? odoo.modules.graph: module account_mass_reconcile: not installable, skipped 
2026-04-07 19:00:00,525 32 WARNING ? odoo.modules.graph: module account_financial_report: not installable, skipped 
2026-04-07 19:00:00,525 32 WARNING ? odoo.modules.graph: module job_cost_estimate_customer: not installable, skipped 
2026-04-07 19:00:00,525 32 WARNING ? odoo.modules.graph: module asset_mro_maintenance_management: not installable, skipped 
2026-04-07 19:00:00,525 32 WARNING ? odoo.modules.graph: module job_work_order_expense: not installable, skipped 
2026-04-07 19:00:00,525 32 WARNING ? odoo.modules.graph: module asset_management: not installable, skipped 
2026-04-07 19:00:00,525 32 WARNING ? odoo.modules.graph: module om_account_asset: not installable, skipped 
2026-04-07 19:00:00,526 32 WARNING ? odoo.modules.graph: module account_analytic_tag: not installable, skipped 
2026-04-07 19:00:00,526 32 WARNING ? odoo.modules.graph: module account_hierarchy_tree: not installable, skipped 
2026-04-07 19:00:00,526 32 WARNING ? odoo.modules.graph: module om_recurring_payments: not installable, skipped 
2026-04-07 19:00:00,526 32 WARNING ? odoo.modules.graph: module asset_man_odoo_asset_integ: not installable, skipped 
2026-04-07 19:00:00,526 32 WARNING ? odoo.modules.graph: module nati_arabic_font: not installable, skipped 
2026-04-07 19:00:00,526 32 WARNING ? odoo.modules.graph: module purchase_location_by_line: not installable, skipped 
2026-04-07 19:00:00,526 32 WARNING ? odoo.modules.graph: module om_account_followup: not installable, skipped 
2026-04-07 19:00:00,526 32 WARNING ? odoo.modules.graph: module stock_picking_analytic: not installable, skipped 
2026-04-07 19:00:00,526 32 WARNING ? odoo.modules.graph: module purchase_delivery_split_date: not installable, skipped 
2026-04-07 19:00:00,526 32 WARNING ? odoo.modules.graph: module stock_analytic: not installable, skipped 
2026-04-07 19:00:00,526 32 WARNING ? odoo.modules.graph: module material_purchase_requisitions: not installable, skipped 
2026-04-07 19:00:00,526 32 WARNING ? odoo.modules.graph: module job_costing_budget_contracting: not installable, skipped 
2026-04-07 19:00:00,526 32 WARNING ? odoo.modules.graph: module job_costing_profit_loss: not installable, skipped 
2026-04-07 19:00:00,526 32 WARNING ? odoo.modules.graph: module dms: not installable, skipped 
2026-04-07 19:00:00,526 32 WARNING ? odoo.modules.graph: module qader_construction_dashboard: not installable, skipped 
2026-04-07 19:00:00,526 32 WARNING ? odoo.modules.graph: module job_order_material_requisition: not installable, skipped 
2026-04-07 19:00:00,526 32 WARNING ? odoo.modules.graph: module job_order_link_cost_sheet: not installable, skipped 
2026-04-07 19:00:00,526 32 WARNING ? odoo.modules.graph: module job_order_material_consumption: not installable, skipped 
2026-04-07 19:00:00,526 32 WARNING ? odoo.modules.graph: module stock_picking_create_purchase_order: not installable, skipped 
2026-04-07 19:00:00,526 32 WARNING ? odoo.modules.graph: module qader_job_order_equipment: not installable, skipped 
2026-04-07 19:00:00,526 32 WARNING ? odoo.modules.graph: module auto_database_backup: not installable, skipped 
2026-04-07 19:00:00,526 32 WARNING ? odoo.modules.graph: module qader_report: not installable, skipped 
2026-04-07 19:00:00,527 32 WARNING ? odoo.modules.graph: module web_timeline: not installable, skipped 
2026-04-07 19:00:00,527 32 WARNING ? odoo.modules.graph: module project_timeline: not installable, skipped 
2026-04-07 19:00:00,527 32 WARNING ? odoo.modules.graph: module account_cash_management: not installable, skipped 
2026-04-07 19:00:00,527 32 WARNING ? odoo.modules.graph: module construction_bi: not installable, skipped 
2026-04-07 19:00:00,527 32 WARNING ? odoo.modules.graph: module job_costing_dashboard: not installable, skipped 
2026-04-07 19:00:00,527 32 WARNING ? odoo.modules.graph: module construction_maintenance_equipment: not installable, skipped 
2026-04-07 19:00:00,527 32 WARNING ? odoo.modules.graph: module qader_contact_move_line_report: not installable, skipped 
2026-04-07 19:00:00,527 32 WARNING ? odoo.modules.graph: module qader_account_voucher: not installable, skipped 
2026-04-07 19:00:00,527 32 WARNING ? odoo.modules.graph: module qader_construction_account_voucher: not installable, skipped 
2026-04-07 19:00:00,527 32 WARNING ? odoo.modules.graph: module stock_move_actual_date: not installable, skipped 
2026-04-07 19:00:00,527 32 WARNING ? odoo.modules.graph: module odoo_job_costing_management: not installable, skipped 
2026-04-07 19:00:00,527 32 WARNING ? odoo.modules.graph: module job_costing_cost_actual: not installable, skipped 
2026-04-07 19:00:00,527 32 WARNING ? odoo.modules.graph: module job_equipments_maintenance_request: not installable, skipped 
2026-04-07 19:00:00,527 32 WARNING ? odoo.modules.graph: module job_inspection: not installable, skipped 
2026-04-07 19:00:00,527 32 WARNING ? odoo.modules.graph: module material_requisition_cost_sheet: not installable, skipped 
2026-04-07 19:00:00,527 32 WARNING ? odoo.modules.graph: module job_costing_volumn_trend: not installable, skipped 
2026-04-07 19:00:00,527 32 WARNING ? odoo.modules.graph: module access_rights_manager_custom: not installable, skipped 
2026-04-07 19:00:00,528 32 WARNING ? odoo.modules.graph: module qader_construction_report: not installable, skipped 
2026-04-07 19:00:00,528 32 WARNING ? odoo.modules.graph: module po_into_task: not installable, skipped 
2026-04-07 19:00:00,528 32 WARNING ? odoo.modules.graph: module qader_stock_report: not installable, skipped 
2026-04-07 19:00:00,528 32 WARNING ? odoo.modules.graph: module contract_schedule: not installable, skipped 
2026-04-07 19:00:00,528 32 WARNING ? odoo.modules.graph: module syn_disable_quick_create: not installable, skipped 
2026-04-07 19:00:00,528 32 WARNING ? odoo.modules.graph: module qader_construction_invoice_report: not installable, skipped 
2026-04-07 19:00:00,528 32 WARNING ? odoo.modules.graph: module om_account_accountant: not installable, skipped 
2026-04-07 19:00:00,528 32 WARNING ? odoo.modules.graph: module web_theme: not installable, skipped 
2026-04-07 19:00:00,529 32 WARNING ? odoo.modules.graph: module qader_construction_contract: not installable, skipped 
2026-04-07 19:00:00,530 32 WARNING ? odoo.modules.graph: module accounting_pdf_reports: not installable, skipped 
2026-04-07 19:00:00,531 32 WARNING ? odoo.modules.graph: module qad_l10n_ye: not installable, skipped 
2026-04-07 19:00:00,531 32 WARNING ? odoo.modules.graph: module qader_account_report: not installable, skipped 
2026-04-07 19:00:00,531 32 WARNING ? odoo.modules.graph: module qader_create_job_cost_sheet: not installable, skipped 
2026-04-07 19:00:00,531 32 WARNING ? odoo.modules.graph: module om_fiscal_year: not installable, skipped 
2026-04-07 19:00:00,531 32 WARNING ? odoo.modules.graph: module om_account_daily_reports: not installable, skipped 
2026-04-07 19:00:00,531 32 WARNING ? odoo.modules.graph: module qader_purchase_report: not installable, skipped 
2026-04-07 19:00:00,531 32 WARNING ? odoo.modules.graph: module qader_sales_report: not installable, skipped 
2026-04-07 19:00:00,531 32 WARNING ? odoo.modules.graph: module qader_project_block: not installable, skipped 
2026-04-07 19:00:00,531 32 WARNING ? odoo.modules.graph: module partner_daily_payment: not installable, skipped 
2026-04-07 19:00:00,533 32 INFO ? odoo.modules.loading: loading 121 modules... 
2026-04-07 19:00:00,887 32 INFO ? odoo.modules.loading: 121 modules loaded in 0.35s, 0 queries (+0 extra) 
2026-04-07 19:00:00,979 32 ERROR ? odoo.modules.loading: Some modules are not loaded, some dependencies or manifest may be missing: ['access_rights_manager_custom', 'account_analytic_parent', 'account_analytic_tag', 'account_cash_management', 'account_financial_report', 'account_hierarchy_tree', 'account_in_payment', 'account_mass_reconcile', 'account_reconcile_model_oca', 'account_reconcile_oca', 'account_statement_base', 'accounting_pdf_reports', 'asset_extension', 'asset_man_odoo_asset_integ', 'asset_management', 'asset_mro_maintenance_management', 'auto_database_backup', 'base_account_budget', 'base_view_inheritance_extension', 'construction_bi', 'construction_maintenance_equipment', 'contract_schedule', 'date_range', 'dms', 'dynamic_cashflow_statement', 'job_cost_estimate_customer', 'job_costing_budget_contracting', 'job_costing_cost_actual', 'job_costing_dashboard', 'job_costing_profit_loss', 'job_costing_volumn_trend', 'job_equipments_maintenance_request', 'job_inspection', 'job_order_link_cost_sheet', 'job_order_material_consumption', 'job_order_material_requisition', 'job_work_order_expense', 'material_purchase_requisitions', 'material_requisition_cost_sheet', 'nati_arabic_font', 'odoo_dynamic_dashboard', 'odoo_job_costing_management', 'om_account_accountant', 'om_account_asset', 'om_account_budget', 'om_account_daily_reports', 'om_account_followup', 'om_fiscal_year', 'om_recurring_payments', 'partner_daily_payment', 'partner_link_account_move_line', 'po_into_task', 'project_timeline', 'purchase_delivery_split_date', 'purchase_location_by_line', 'qad_l10n_ye', 'qader_account_report', 'qader_account_voucher', 'qader_construction_account_voucher', 'qader_construction_contract', 'qader_construction_dashboard', 'qader_construction_invoice_report', 'qader_construction_report', 'qader_contact_move_line_report', 'qader_create_job_cost_sheet', 'qader_job_order_equipment', 'qader_project_block', 'qader_purchase_report', 'qader_report', 'qader_sales_report', 'qader_stock_report', 'qbg_partner_type', 'rcs_list_sticky_header', 'report_sign', 'report_xlsx', 'stock_analytic', 'stock_direct_operation_account', 'stock_move_actual_date', 'stock_no_negative', 'stock_picking_analytic', 'stock_picking_create_purchase_order', 'stock_picking_procure_method', 'syn_disable_quick_create', 'web_theme', 'web_timeline'] 
2026-04-07 19:00:00,979 32 INFO ? odoo.modules.loading: Modules loaded. 
2026-04-07 19:00:00,982 32 INFO ? odoo.modules.registry: Registry loaded in 0.478s 
2026-04-07 19:00:00,983 32 INFO const_copy odoo.addons.base.models.ir_http: Generating routing map for key None 
2026-04-07 19:00:01,045 32 INFO const_copy werkzeug: 172.16.31.134 - - [07/Apr/2026 19:00:01] "GET /web/database/selector HTTP/1.1" 200 - 26 0.014 0.535
2026-04-07 19:00:01,077 32 INFO ? werkzeug: 172.18.0.3 - - [07/Apr/2026 19:00:01] "GET /web/static/src/libs/fontawesome/css/font-awesome.css HTTP/1.1" 200 - 1 0.001 0.006
2026-04-07 19:00:01,080 36 INFO ? werkzeug: 172.18.0.3 - - [07/Apr/2026 19:00:01] "GET /web/static/lib/bootstrap/js/dist/dom/data.js HTTP/1.1" 200 - 1 0.001 0.006
2026-04-07 19:00:01,080 31 INFO ? werkzeug: 172.18.0.3 - - [07/Apr/2026 19:00:01] "GET /web/static/lib/bootstrap/dist/css/bootstrap.css HTTP/1.1" 200 - 1 0.001 0.006
2026-04-07 19:00:01,081 34 INFO ? werkzeug: 172.18.0.3 - - [07/Apr/2026 19:00:01] "GET /web/static/lib/bootstrap/js/dist/dom/manipulator.js HTTP/1.1" 200 - 1 0.001 0.006
2026-04-07 19:00:01,084 32 INFO ? werkzeug: 172.18.0.3 - - [07/Apr/2026 19:00:01] "GET /web/static/lib/bootstrap/js/dist/dom/event-handler.js HTTP/1.1" 200 - 1 0.001 0.005
2026-04-07 19:00:01,087 31 INFO ? werkzeug: 172.18.0.3 - - [07/Apr/2026 19:00:01] "GET /web/static/lib/bootstrap/js/dist/base-component.js HTTP/1.1" 200 - 1 0.001 0.005
2026-04-07 19:00:01,089 36 INFO ? werkzeug: 172.18.0.3 - - [07/Apr/2026 19:00:01] "GET /web/static/lib/bootstrap/js/dist/dom/selector-engine.js HTTP/1.1" 200 - 1 0.001 0.008
2026-04-07 19:00:01,090 34 INFO ? werkzeug: 172.18.0.3 - - [07/Apr/2026 19:00:01] "GET /web/static/lib/bootstrap/js/dist/modal.js HTTP/1.1" 200 - 1 0.001 0.005
2026-04-07 19:00:01,093 32 INFO ? werkzeug: 172.18.0.3 - - [07/Apr/2026 19:00:01] "GET /web/static/src/public/database_manager.js HTTP/1.1" 200 - 1 0.001 0.006
2026-04-07 19:00:01,101 32 INFO ? werkzeug: 172.18.0.3 - - [07/Apr/2026 19:00:01] "GET /web/static/img/logo2.png HTTP/1.1" 200 - 1 0.001 0.005
2026-04-07 19:00:04,122 31 INFO ? odoo.modules.loading: loading 1 modules... 
2026-04-07 19:00:04,126 31 INFO ? odoo.modules.loading: 1 modules loaded in 0.00s, 0 queries (+0 extra) 
2026-04-07 19:00:04,131 31 WARNING ? odoo.modules.graph: module stock_picking_procure_method: not installable, skipped 
2026-04-07 19:00:04,131 31 WARNING ? odoo.modules.graph: module om_account_budget: not installable, skipped 
2026-04-07 19:00:04,131 31 WARNING ? odoo.modules.graph: module account_analytic_parent: not installable, skipped 
2026-04-07 19:00:04,131 31 WARNING ? odoo.modules.graph: module odoo_dynamic_dashboard: not installable, skipped 
2026-04-07 19:00:04,131 31 WARNING ? odoo.modules.graph: module rcs_list_sticky_header: not installable, skipped 
2026-04-07 19:00:04,131 31 WARNING ? odoo.modules.graph: module partner_link_account_move_line: not installable, skipped 
2026-04-07 19:00:04,131 31 WARNING ? odoo.modules.graph: module report_xlsx: not installable, skipped 
2026-04-07 19:00:04,131 31 WARNING ? odoo.modules.graph: module dynamic_cashflow_statement: not installable, skipped 
2026-04-07 19:00:04,131 31 WARNING ? odoo.modules.graph: module base_view_inheritance_extension: not installable, skipped 
2026-04-07 19:00:04,131 31 WARNING ? odoo.modules.graph: module stock_no_negative: not installable, skipped 
2026-04-07 19:00:04,132 31 WARNING ? odoo.modules.graph: module date_range: not installable, skipped 
2026-04-07 19:00:04,132 31 WARNING ? odoo.modules.graph: module base_account_budget: not installable, skipped 
2026-04-07 19:00:04,132 31 WARNING ? odoo.modules.graph: module stock_direct_operation_account: not installable, skipped 
2026-04-07 19:00:04,132 31 WARNING ? odoo.modules.graph: module account_in_payment: not installable, skipped 
2026-04-07 19:00:04,132 31 WARNING ? odoo.modules.graph: module account_reconcile_oca: not installable, skipped 
2026-04-07 19:00:04,132 31 WARNING ? odoo.modules.graph: module report_sign: not installable, skipped 
2026-04-07 19:00:04,132 31 WARNING ? odoo.modules.graph: module qbg_partner_type: not installable, skipped 
2026-04-07 19:00:04,132 31 WARNING ? odoo.modules.graph: module account_statement_base: not installable, skipped 
2026-04-07 19:00:04,132 31 WARNING ? odoo.modules.graph: module asset_extension: not installable, skipped 
2026-04-07 19:00:04,132 31 WARNING ? odoo.modules.graph: module account_reconcile_model_oca: not installable, skipped 
2026-04-07 19:00:04,132 31 WARNING ? odoo.modules.graph: module account_mass_reconcile: not installable, skipped 
2026-04-07 19:00:04,132 31 WARNING ? odoo.modules.graph: module account_financial_report: not installable, skipped 
2026-04-07 19:00:04,132 31 WARNING ? odoo.modules.graph: module job_cost_estimate_customer: not installable, skipped 
2026-04-07 19:00:04,132 31 WARNING ? odoo.modules.graph: module asset_mro_maintenance_management: not installable, skipped 
2026-04-07 19:00:04,132 31 WARNING ? odoo.modules.graph: module job_work_order_expense: not installable, skipped 
2026-04-07 19:00:04,132 31 WARNING ? odoo.modules.graph: module asset_management: not installable, skipped 
2026-04-07 19:00:04,132 31 WARNING ? odoo.modules.graph: module om_account_asset: not installable, skipped 
2026-04-07 19:00:04,132 31 WARNING ? odoo.modules.graph: module account_analytic_tag: not installable, skipped 
2026-04-07 19:00:04,132 31 WARNING ? odoo.modules.graph: module account_hierarchy_tree: not installable, skipped 
2026-04-07 19:00:04,132 31 WARNING ? odoo.modules.graph: module om_recurring_payments: not installable, skipped 
2026-04-07 19:00:04,132 31 WARNING ? odoo.modules.graph: module asset_man_odoo_asset_integ: not installable, skipped 
2026-04-07 19:00:04,132 31 WARNING ? odoo.modules.graph: module nati_arabic_font: not installable, skipped 
2026-04-07 19:00:04,133 31 WARNING ? odoo.modules.graph: module purchase_location_by_line: not installable, skipped 
2026-04-07 19:00:04,133 31 WARNING ? odoo.modules.graph: module om_account_followup: not installable, skipped 
2026-04-07 19:00:04,133 31 WARNING ? odoo.modules.graph: module stock_picking_analytic: not installable, skipped 
2026-04-07 19:00:04,133 31 WARNING ? odoo.modules.graph: module purchase_delivery_split_date: not installable, skipped 
2026-04-07 19:00:04,133 31 WARNING ? odoo.modules.graph: module stock_analytic: not installable, skipped 
2026-04-07 19:00:04,133 31 WARNING ? odoo.modules.graph: module material_purchase_requisitions: not installable, skipped 
2026-04-07 19:00:04,133 31 WARNING ? odoo.modules.graph: module job_costing_budget_contracting: not installable, skipped 
2026-04-07 19:00:04,133 31 WARNING ? odoo.modules.graph: module job_costing_profit_loss: not installable, skipped 
2026-04-07 19:00:04,133 31 WARNING ? odoo.modules.graph: module dms: not installable, skipped 
2026-04-07 19:00:04,133 31 WARNING ? odoo.modules.graph: module qader_construction_dashboard: not installable, skipped 
2026-04-07 19:00:04,133 31 WARNING ? odoo.modules.graph: module job_order_material_requisition: not installable, skipped 
2026-04-07 19:00:04,133 31 WARNING ? odoo.modules.graph: module job_order_link_cost_sheet: not installable, skipped 
2026-04-07 19:00:04,133 31 WARNING ? odoo.modules.graph: module job_order_material_consumption: not installable, skipped 
2026-04-07 19:00:04,133 31 WARNING ? odoo.modules.graph: module stock_picking_create_purchase_order: not installable, skipped 
2026-04-07 19:00:04,133 31 WARNING ? odoo.modules.graph: module qader_job_order_equipment: not installable, skipped 
2026-04-07 19:00:04,133 31 WARNING ? odoo.modules.graph: module auto_database_backup: not installable, skipped 
2026-04-07 19:00:04,133 31 WARNING ? odoo.modules.graph: module qader_report: not installable, skipped 
2026-04-07 19:00:04,133 31 WARNING ? odoo.modules.graph: module web_timeline: not installable, skipped 
2026-04-07 19:00:04,133 31 WARNING ? odoo.modules.graph: module project_timeline: not installable, skipped 
2026-04-07 19:00:04,133 31 WARNING ? odoo.modules.graph: module account_cash_management: not installable, skipped 
2026-04-07 19:00:04,134 31 WARNING ? odoo.modules.graph: module construction_bi: not installable, skipped 
2026-04-07 19:00:04,134 31 WARNING ? odoo.modules.graph: module job_costing_dashboard: not installable, skipped 
2026-04-07 19:00:04,134 31 WARNING ? odoo.modules.graph: module construction_maintenance_equipment: not installable, skipped 
2026-04-07 19:00:04,134 31 WARNING ? odoo.modules.graph: module qader_contact_move_line_report: not installable, skipped 
2026-04-07 19:00:04,134 31 WARNING ? odoo.modules.graph: module qader_account_voucher: not installable, skipped 
2026-04-07 19:00:04,134 31 WARNING ? odoo.modules.graph: module qader_construction_account_voucher: not installable, skipped 
2026-04-07 19:00:04,134 31 WARNING ? odoo.modules.graph: module stock_move_actual_date: not installable, skipped 
2026-04-07 19:00:04,134 31 WARNING ? odoo.modules.graph: module odoo_job_costing_management: not installable, skipped 
2026-04-07 19:00:04,134 31 WARNING ? odoo.modules.graph: module job_costing_cost_actual: not installable, skipped 
2026-04-07 19:00:04,134 31 WARNING ? odoo.modules.graph: module job_equipments_maintenance_request: not installable, skipped 
2026-04-07 19:00:04,134 31 WARNING ? odoo.modules.graph: module job_inspection: not installable, skipped 
2026-04-07 19:00:04,134 31 WARNING ? odoo.modules.graph: module material_requisition_cost_sheet: not installable, skipped 
2026-04-07 19:00:04,134 31 WARNING ? odoo.modules.graph: module job_costing_volumn_trend: not installable, skipped 
2026-04-07 19:00:04,134 31 WARNING ? odoo.modules.graph: module access_rights_manager_custom: not installable, skipped 
2026-04-07 19:00:04,134 31 WARNING ? odoo.modules.graph: module qader_construction_report: not installable, skipped 
2026-04-07 19:00:04,134 31 WARNING ? odoo.modules.graph: module po_into_task: not installable, skipped 
2026-04-07 19:00:04,134 31 WARNING ? odoo.modules.graph: module qader_stock_report: not installable, skipped 
2026-04-07 19:00:04,135 31 WARNING ? odoo.modules.graph: module contract_schedule: not installable, skipped 
2026-04-07 19:00:04,135 31 WARNING ? odoo.modules.graph: module syn_disable_quick_create: not installable, skipped 
2026-04-07 19:00:04,135 31 WARNING ? odoo.modules.graph: module qader_construction_invoice_report: not installable, skipped 
2026-04-07 19:00:04,135 31 WARNING ? odoo.modules.graph: module om_account_accountant: not installable, skipped 
2026-04-07 19:00:04,135 31 WARNING ? odoo.modules.graph: module web_theme: not installable, skipped 
2026-04-07 19:00:04,135 31 WARNING ? odoo.modules.graph: module qader_construction_contract: not installable, skipped 
2026-04-07 19:00:04,136 31 WARNING ? odoo.modules.graph: module accounting_pdf_reports: not installable, skipped 
2026-04-07 19:00:04,137 31 WARNING ? odoo.modules.graph: module qad_l10n_ye: not installable, skipped 
2026-04-07 19:00:04,137 31 WARNING ? odoo.modules.graph: module qader_account_report: not installable, skipped 
2026-04-07 19:00:04,138 31 WARNING ? odoo.modules.graph: module qader_create_job_cost_sheet: not installable, skipped 
2026-04-07 19:00:04,138 31 WARNING ? odoo.modules.graph: module om_fiscal_year: not installable, skipped 
2026-04-07 19:00:04,138 31 WARNING ? odoo.modules.graph: module om_account_daily_reports: not installable, skipped 
2026-04-07 19:00:04,138 31 WARNING ? odoo.modules.graph: module qader_purchase_report: not installable, skipped 
2026-04-07 19:00:04,138 31 WARNING ? odoo.modules.graph: module qader_sales_report: not installable, skipped 
2026-04-07 19:00:04,138 31 WARNING ? odoo.modules.graph: module qader_project_block: not installable, skipped 
2026-04-07 19:00:04,138 31 WARNING ? odoo.modules.graph: module partner_daily_payment: not installable, skipped 
2026-04-07 19:00:04,140 31 INFO ? odoo.modules.loading: loading 121 modules... 
2026-04-07 19:00:04,497 31 INFO ? odoo.modules.loading: 121 modules loaded in 0.36s, 0 queries (+0 extra) 
2026-04-07 19:00:04,590 31 ERROR ? odoo.modules.loading: Some modules are not loaded, some dependencies or manifest may be missing: ['access_rights_manager_custom', 'account_analytic_parent', 'account_analytic_tag', 'account_cash_management', 'account_financial_report', 'account_hierarchy_tree', 'account_in_payment', 'account_mass_reconcile', 'account_reconcile_model_oca', 'account_reconcile_oca', 'account_statement_base', 'accounting_pdf_reports', 'asset_extension', 'asset_man_odoo_asset_integ', 'asset_management', 'asset_mro_maintenance_management', 'auto_database_backup', 'base_account_budget', 'base_view_inheritance_extension', 'construction_bi', 'construction_maintenance_equipment', 'contract_schedule', 'date_range', 'dms', 'dynamic_cashflow_statement', 'job_cost_estimate_customer', 'job_costing_budget_contracting', 'job_costing_cost_actual', 'job_costing_dashboard', 'job_costing_profit_loss', 'job_costing_volumn_trend', 'job_equipments_maintenance_request', 'job_inspection', 'job_order_link_cost_sheet', 'job_order_material_consumption', 'job_order_material_requisition', 'job_work_order_expense', 'material_purchase_requisitions', 'material_requisition_cost_sheet', 'nati_arabic_font', 'odoo_dynamic_dashboard', 'odoo_job_costing_management', 'om_account_accountant', 'om_account_asset', 'om_account_budget', 'om_account_daily_reports', 'om_account_followup', 'om_fiscal_year', 'om_recurring_payments', 'partner_daily_payment', 'partner_link_account_move_line', 'po_into_task', 'project_timeline', 'purchase_delivery_split_date', 'purchase_location_by_line', 'qad_l10n_ye', 'qader_account_report', 'qader_account_voucher', 'qader_construction_account_voucher', 'qader_construction_contract', 'qader_construction_dashboard', 'qader_construction_invoice_report', 'qader_construction_report', 'qader_contact_move_line_report', 'qader_create_job_cost_sheet', 'qader_job_order_equipment', 'qader_project_block', 'qader_purchase_report', 'qader_report', 'qader_sales_report', 'qader_stock_report', 'qbg_partner_type', 'rcs_list_sticky_header', 'report_sign', 'report_xlsx', 'stock_analytic', 'stock_direct_operation_account', 'stock_move_actual_date', 'stock_no_negative', 'stock_picking_analytic', 'stock_picking_create_purchase_order', 'stock_picking_procure_method', 'syn_disable_quick_create', 'web_theme', 'web_timeline'] 
2026-04-07 19:00:04,591 31 INFO ? odoo.modules.loading: Modules loaded. 
2026-04-07 19:00:04,594 31 INFO ? odoo.modules.registry: Registry loaded in 0.482s 
2026-04-07 19:00:04,595 31 INFO const_copy odoo.addons.base.models.ir_http: Generating routing map for key None 
2026-04-07 19:00:04,629 31 INFO const_copy werkzeug: 172.16.31.134 - - [07/Apr/2026 19:00:04] "GET /web?db=const_copy HTTP/1.1" 303 - 23 0.017 0.506
2026-04-07 19:00:04,795 31 INFO const_copy werkzeug: 172.16.31.134 - - [07/Apr/2026 19:00:04] "GET /web/login?db=const_copy HTTP/1.1" 200 - 59 0.016 0.143
2026-04-07 19:00:04,840 36 INFO ? werkzeug: 172.18.0.3 - - [07/Apr/2026 19:00:04] "GET /web/static/src/libs/fontawesome/fonts/fontawesome-webfont.woff2?v=4.7.0 HTTP/1.1" 200 - 1 0.001 0.006
2026-04-07 19:00:04,848 34 INFO ? odoo.modules.loading: loading 1 modules... 
2026-04-07 19:00:04,852 34 INFO ? odoo.modules.loading: 1 modules loaded in 0.00s, 0 queries (+0 extra) 
2026-04-07 19:00:04,856 34 WARNING ? odoo.modules.graph: module stock_picking_procure_method: not installable, skipped 
2026-04-07 19:00:04,856 34 WARNING ? odoo.modules.graph: module om_account_budget: not installable, skipped 
2026-04-07 19:00:04,856 34 WARNING ? odoo.modules.graph: module account_analytic_parent: not installable, skipped 
2026-04-07 19:00:04,856 34 WARNING ? odoo.modules.graph: module odoo_dynamic_dashboard: not installable, skipped 
2026-04-07 19:00:04,856 34 WARNING ? odoo.modules.graph: module rcs_list_sticky_header: not installable, skipped 
2026-04-07 19:00:04,856 34 WARNING ? odoo.modules.graph: module partner_link_account_move_line: not installable, skipped 
2026-04-07 19:00:04,856 34 WARNING ? odoo.modules.graph: module report_xlsx: not installable, skipped 
2026-04-07 19:00:04,856 34 WARNING ? odoo.modules.graph: module dynamic_cashflow_statement: not installable, skipped 
2026-04-07 19:00:04,856 34 WARNING ? odoo.modules.graph: module base_view_inheritance_extension: not installable, skipped 
2026-04-07 19:00:04,856 34 WARNING ? odoo.modules.graph: module stock_no_negative: not installable, skipped 
2026-04-07 19:00:04,856 34 WARNING ? odoo.modules.graph: module date_range: not installable, skipped 
2026-04-07 19:00:04,856 34 WARNING ? odoo.modules.graph: module base_account_budget: not installable, skipped 
2026-04-07 19:00:04,856 34 WARNING ? odoo.modules.graph: module stock_direct_operation_account: not installable, skipped 
2026-04-07 19:00:04,856 34 WARNING ? odoo.modules.graph: module account_in_payment: not installable, skipped 
2026-04-07 19:00:04,856 34 WARNING ? odoo.modules.graph: module account_reconcile_oca: not installable, skipped 
2026-04-07 19:00:04,856 34 WARNING ? odoo.modules.graph: module report_sign: not installable, skipped 
2026-04-07 19:00:04,856 34 WARNING ? odoo.modules.graph: module qbg_partner_type: not installable, skipped 
2026-04-07 19:00:04,856 34 WARNING ? odoo.modules.graph: module account_statement_base: not installable, skipped 
2026-04-07 19:00:04,856 34 WARNING ? odoo.modules.graph: module asset_extension: not installable, skipped 
2026-04-07 19:00:04,857 34 WARNING ? odoo.modules.graph: module account_reconcile_model_oca: not installable, skipped 
2026-04-07 19:00:04,857 34 WARNING ? odoo.modules.graph: module account_mass_reconcile: not installable, skipped 
2026-04-07 19:00:04,857 34 WARNING ? odoo.modules.graph: module account_financial_report: not installable, skipped 
2026-04-07 19:00:04,857 34 WARNING ? odoo.modules.graph: module job_cost_estimate_customer: not installable, skipped 
2026-04-07 19:00:04,857 34 WARNING ? odoo.modules.graph: module asset_mro_maintenance_management: not installable, skipped 
2026-04-07 19:00:04,857 34 WARNING ? odoo.modules.graph: module job_work_order_expense: not installable, skipped 
2026-04-07 19:00:04,857 34 WARNING ? odoo.modules.graph: module asset_management: not installable, skipped 
2026-04-07 19:00:04,857 34 WARNING ? odoo.modules.graph: module om_account_asset: not installable, skipped 
2026-04-07 19:00:04,857 34 WARNING ? odoo.modules.graph: module account_analytic_tag: not installable, skipped 
2026-04-07 19:00:04,857 34 WARNING ? odoo.modules.graph: module account_hierarchy_tree: not installable, skipped 
2026-04-07 19:00:04,857 34 WARNING ? odoo.modules.graph: module om_recurring_payments: not installable, skipped 
2026-04-07 19:00:04,857 34 WARNING ? odoo.modules.graph: module asset_man_odoo_asset_integ: not installable, skipped 
2026-04-07 19:00:04,857 34 WARNING ? odoo.modules.graph: module nati_arabic_font: not installable, skipped 
2026-04-07 19:00:04,857 34 WARNING ? odoo.modules.graph: module purchase_location_by_line: not installable, skipped 
2026-04-07 19:00:04,857 34 WARNING ? odoo.modules.graph: module om_account_followup: not installable, skipped 
2026-04-07 19:00:04,857 34 WARNING ? odoo.modules.graph: module stock_picking_analytic: not installable, skipped 
2026-04-07 19:00:04,857 34 WARNING ? odoo.modules.graph: module purchase_delivery_split_date: not installable, skipped 
2026-04-07 19:00:04,857 34 WARNING ? odoo.modules.graph: module stock_analytic: not installable, skipped 
2026-04-07 19:00:04,857 34 WARNING ? odoo.modules.graph: module material_purchase_requisitions: not installable, skipped 
2026-04-07 19:00:04,857 34 WARNING ? odoo.modules.graph: module job_costing_budget_contracting: not installable, skipped 
2026-04-07 19:00:04,857 34 WARNING ? odoo.modules.graph: module job_costing_profit_loss: not installable, skipped 
2026-04-07 19:00:04,857 34 WARNING ? odoo.modules.graph: module dms: not installable, skipped 
2026-04-07 19:00:04,858 34 WARNING ? odoo.modules.graph: module qader_construction_dashboard: not installable, skipped 
2026-04-07 19:00:04,858 34 WARNING ? odoo.modules.graph: module job_order_material_requisition: not installable, skipped 
2026-04-07 19:00:04,858 34 WARNING ? odoo.modules.graph: module job_order_link_cost_sheet: not installable, skipped 
2026-04-07 19:00:04,858 34 WARNING ? odoo.modules.graph: module job_order_material_consumption: not installable, skipped 
2026-04-07 19:00:04,858 34 WARNING ? odoo.modules.graph: module stock_picking_create_purchase_order: not installable, skipped 
2026-04-07 19:00:04,858 34 WARNING ? odoo.modules.graph: module qader_job_order_equipment: not installable, skipped 
2026-04-07 19:00:04,858 34 WARNING ? odoo.modules.graph: module auto_database_backup: not installable, skipped 
2026-04-07 19:00:04,858 34 WARNING ? odoo.modules.graph: module qader_report: not installable, skipped 
2026-04-07 19:00:04,858 34 WARNING ? odoo.modules.graph: module web_timeline: not installable, skipped 
2026-04-07 19:00:04,858 34 WARNING ? odoo.modules.graph: module project_timeline: not installable, skipped 
2026-04-07 19:00:04,858 34 WARNING ? odoo.modules.graph: module account_cash_management: not installable, skipped 
2026-04-07 19:00:04,858 34 WARNING ? odoo.modules.graph: module construction_bi: not installable, skipped 
2026-04-07 19:00:04,858 34 WARNING ? odoo.modules.graph: module job_costing_dashboard: not installable, skipped 
2026-04-07 19:00:04,858 34 WARNING ? odoo.modules.graph: module construction_maintenance_equipment: not installable, skipped 
2026-04-07 19:00:04,858 34 WARNING ? odoo.modules.graph: module qader_contact_move_line_report: not installable, skipped 
2026-04-07 19:00:04,858 34 WARNING ? odoo.modules.graph: module qader_account_voucher: not installable, skipped 
2026-04-07 19:00:04,858 34 WARNING ? odoo.modules.graph: module qader_construction_account_voucher: not installable, skipped 
2026-04-07 19:00:04,859 34 WARNING ? odoo.modules.graph: module stock_move_actual_date: not installable, skipped 
2026-04-07 19:00:04,859 34 WARNING ? odoo.modules.graph: module odoo_job_costing_management: not installable, skipped 
2026-04-07 19:00:04,859 34 WARNING ? odoo.modules.graph: module job_costing_cost_actual: not installable, skipped 
2026-04-07 19:00:04,859 34 WARNING ? odoo.modules.graph: module job_equipments_maintenance_request: not installable, skipped 
2026-04-07 19:00:04,859 34 WARNING ? odoo.modules.graph: module job_inspection: not installable, skipped 
2026-04-07 19:00:04,859 34 WARNING ? odoo.modules.graph: module material_requisition_cost_sheet: not installable, skipped 
2026-04-07 19:00:04,859 34 WARNING ? odoo.modules.graph: module job_costing_volumn_trend: not installable, skipped 
2026-04-07 19:00:04,859 34 WARNING ? odoo.modules.graph: module access_rights_manager_custom: not installable, skipped 
2026-04-07 19:00:04,859 34 WARNING ? odoo.modules.graph: module qader_construction_report: not installable, skipped 
2026-04-07 19:00:04,859 34 WARNING ? odoo.modules.graph: module po_into_task: not installable, skipped 
2026-04-07 19:00:04,859 34 WARNING ? odoo.modules.graph: module qader_stock_report: not installable, skipped 
2026-04-07 19:00:04,859 34 WARNING ? odoo.modules.graph: module contract_schedule: not installable, skipped 
2026-04-07 19:00:04,859 34 WARNING ? odoo.modules.graph: module syn_disable_quick_create: not installable, skipped 
2026-04-07 19:00:04,860 34 WARNING ? odoo.modules.graph: module qader_construction_invoice_report: not installable, skipped 
2026-04-07 19:00:04,860 34 WARNING ? odoo.modules.graph: module om_account_accountant: not installable, skipped 
2026-04-07 19:00:04,860 34 WARNING ? odoo.modules.graph: module web_theme: not installable, skipped 
2026-04-07 19:00:04,860 34 WARNING ? odoo.modules.graph: module qader_construction_contract: not installable, skipped 
2026-04-07 19:00:04,862 34 WARNING ? odoo.modules.graph: module accounting_pdf_reports: not installable, skipped 
2026-04-07 19:00:04,863 34 WARNING ? odoo.modules.graph: module qad_l10n_ye: not installable, skipped 
2026-04-07 19:00:04,863 34 WARNING ? odoo.modules.graph: module qader_account_report: not installable, skipped 
2026-04-07 19:00:04,863 34 WARNING ? odoo.modules.graph: module qader_create_job_cost_sheet: not installable, skipped 
2026-04-07 19:00:04,863 34 WARNING ? odoo.modules.graph: module om_fiscal_year: not installable, skipped 
2026-04-07 19:00:04,863 34 WARNING ? odoo.modules.graph: module om_account_daily_reports: not installable, skipped 
2026-04-07 19:00:04,863 34 WARNING ? odoo.modules.graph: module qader_purchase_report: not installable, skipped 
2026-04-07 19:00:04,863 34 WARNING ? odoo.modules.graph: module qader_sales_report: not installable, skipped 
2026-04-07 19:00:04,863 34 WARNING ? odoo.modules.graph: module qader_project_block: not installable, skipped 
2026-04-07 19:00:04,863 34 WARNING ? odoo.modules.graph: module partner_daily_payment: not installable, skipped 
2026-04-07 19:00:04,865 34 INFO ? odoo.modules.loading: loading 121 modules... 
2026-04-07 19:00:05,254 34 INFO ? odoo.modules.loading: 121 modules loaded in 0.39s, 0 queries (+0 extra) 
2026-04-07 19:00:05,352 32 INFO const_copy odoo.addons.base.models.assetsbundle: Generating a new asset bundle attachment /web/assets/810a801/web.assets_frontend.min.css (id:4744) 
2026-04-07 19:00:05,356 34 ERROR ? odoo.modules.loading: Some modules are not loaded, some dependencies or manifest may be missing: ['access_rights_manager_custom', 'account_analytic_parent', 'account_analytic_tag', 'account_cash_management', 'account_financial_report', 'account_hierarchy_tree', 'account_in_payment', 'account_mass_reconcile', 'account_reconcile_model_oca', 'account_reconcile_oca', 'account_statement_base', 'accounting_pdf_reports', 'asset_extension', 'asset_man_odoo_asset_integ', 'asset_management', 'asset_mro_maintenance_management', 'auto_database_backup', 'base_account_budget', 'base_view_inheritance_extension', 'construction_bi', 'construction_maintenance_equipment', 'contract_schedule', 'date_range', 'dms', 'dynamic_cashflow_statement', 'job_cost_estimate_customer', 'job_costing_budget_contracting', 'job_costing_cost_actual', 'job_costing_dashboard', 'job_costing_profit_loss', 'job_costing_volumn_trend', 'job_equipments_maintenance_request', 'job_inspection', 'job_order_link_cost_sheet', 'job_order_material_consumption', 'job_order_material_requisition', 'job_work_order_expense', 'material_purchase_requisitions', 'material_requisition_cost_sheet', 'nati_arabic_font', 'odoo_dynamic_dashboard', 'odoo_job_costing_management', 'om_account_accountant', 'om_account_asset', 'om_account_budget', 'om_account_daily_reports', 'om_account_followup', 'om_fiscal_year', 'om_recurring_payments', 'partner_daily_payment', 'partner_link_account_move_line', 'po_into_task', 'project_timeline', 'purchase_delivery_split_date', 'purchase_location_by_line', 'qad_l10n_ye', 'qader_account_report', 'qader_account_voucher', 'qader_construction_account_voucher', 'qader_construction_contract', 'qader_construction_dashboard', 'qader_construction_invoice_report', 'qader_construction_report', 'qader_contact_move_line_report', 'qader_create_job_cost_sheet', 'qader_job_order_equipment', 'qader_project_block', 'qader_purchase_report', 'qader_report', 'qader_sales_report', 'qader_stock_report', 'qbg_partner_type', 'rcs_list_sticky_header', 'report_sign', 'report_xlsx', 'stock_analytic', 'stock_direct_operation_account', 'stock_move_actual_date', 'stock_no_negative', 'stock_picking_analytic', 'stock_picking_create_purchase_order', 'stock_picking_procure_method', 'syn_disable_quick_create', 'web_theme', 'web_timeline'] 
2026-04-07 19:00:05,356 32 INFO const_copy werkzeug: 172.16.31.134 - - [07/Apr/2026 19:00:05] "GET /web/assets/810a801/web.assets_frontend.min.css HTTP/1.1" 200 - 25 0.015 0.508
2026-04-07 19:00:05,356 34 INFO ? odoo.modules.loading: Modules loaded. 
2026-04-07 19:00:05,359 34 INFO ? odoo.modules.registry: Registry loaded in 0.520s 
2026-04-07 19:00:05,360 34 INFO const_copy odoo.addons.base.models.ir_http: Generating routing map for key None 
2026-04-07 19:00:05,413 32 INFO const_copy werkzeug: 172.16.31.134 - - [07/Apr/2026 19:00:05] "GET /web/binary/company_logo?dbname=const_copy HTTP/1.1" 200 - 3 0.003 0.013
2026-04-07 19:00:05,438 34 INFO const_copy odoo.addons.base.models.assetsbundle: Generating a new asset bundle attachment /web/assets/5ec42d9/web.assets_frontend_minimal.min.js (id:4745) 
2026-04-07 19:00:05,442 34 INFO const_copy werkzeug: 172.16.31.134 - - [07/Apr/2026 19:00:05] "GET /web/assets/5ec42d9/web.assets_frontend_minimal.min.js HTTP/1.1" 200 - 38 0.017 0.591
2026-04-07 19:00:05,480 32 INFO const_copy werkzeug: 172.16.31.134 - - [07/Apr/2026 19:00:05] "GET /web/assets/db2cae7/web.assets_frontend_lazy.min.js HTTP/1.1" 200 - 6 0.002 0.008
2026-04-07 19:00:05,806 32 INFO const_copy werkzeug: 172.16.31.134 - - [07/Apr/2026 19:00:05] "GET /website/translations/d5fc37e07fd63947ffd5b1cf212f62f262dda1e3 HTTP/1.1" 303 - 14 0.005 0.055
2026-04-07 19:00:05,824 32 INFO const_copy werkzeug: 172.16.31.134 - - [07/Apr/2026 19:00:05] "GET /en/website/translations/d5fc37e07fd63947ffd5b1cf212f62f262dda1e3 HTTP/1.1" 200 - 9 0.001 0.009
2026-04-07 19:00:12,118 34 INFO const_copy werkzeug: 172.16.31.134 - - [07/Apr/2026 19:00:12] "GET /web?db=const_copy HTTP/1.1" 303 - 2 0.001 0.007
2026-04-07 19:00:12,225 36 INFO const_copy werkzeug: 172.16.31.134 - - [07/Apr/2026 19:00:12] "GET /web/login?db=const_copy HTTP/1.1" 200 - 59 0.014 0.086
2026-04-07 19:00:12,279 36 INFO const_copy werkzeug: 172.16.31.134 - - [07/Apr/2026 19:00:12] "GET /web/assets/810a801/web.assets_frontend.min.css HTTP/1.1" 200 - 6 0.002 0.008
2026-04-07 19:00:12,287 32 INFO const_copy werkzeug: 172.16.31.134 - - [07/Apr/2026 19:00:12] "GET /web/assets/5ec42d9/web.assets_frontend_minimal.min.js HTTP/1.1" 200 - 5 0.002 0.008
2026-04-07 19:00:12,295 31 INFO const_copy werkzeug: 172.16.31.134 - - [07/Apr/2026 19:00:12] "GET /web/binary/company_logo?dbname=const_copy HTTP/1.1" 200 - 3 0.003 0.012
2026-04-07 19:00:12,366 31 INFO const_copy werkzeug: 172.16.31.134 - - [07/Apr/2026 19:00:12] "GET /web/assets/db2cae7/web.assets_frontend_lazy.min.js HTTP/1.1" 200 - 6 0.002 0.008
2026-04-07 19:00:12,547 31 INFO const_copy werkzeug: 172.16.31.134 - - [07/Apr/2026 19:00:12] "GET /website/translations/d5fc37e07fd63947ffd5b1cf212f62f262dda1e3 HTTP/1.1" 303 - 13 0.003 0.010
2026-04-07 19:00:12,561 31 INFO const_copy werkzeug: 172.16.31.134 - - [07/Apr/2026 19:00:12] "GET /en/website/translations/d5fc37e07fd63947ffd5b1cf212f62f262dda1e3 HTTP/1.1" 200 - 9 0.001 0.008
2026-04-07 19:00:18,087 34 INFO const_copy odoo.addons.base.models.res_users: Login successful for db:const_copy login:admin from 172.16.31.134 
2026-04-07 19:00:18,098 34 INFO const_copy odoo.modules.registry: Caches invalidated, signaling through the database: ['default'] 
2026-04-07 19:00:18,099 34 INFO const_copy werkzeug: 172.16.31.134 - - [07/Apr/2026 19:00:18] "POST /web/login HTTP/1.1" 303 - 53 0.020 0.340
2026-04-07 19:00:18,123 34 ERROR const_copy odoo.addons.base.models.ir_model: Missing model job.costing 
2026-04-07 19:00:18,124 34 ERROR const_copy odoo.addons.base.models.ir_model: Missing model job.costing.template 
2026-04-07 19:00:18,124 34 ERROR const_copy odoo.addons.base.models.ir_model: Missing model account.statement.total.wizard 
2026-04-07 19:00:18,124 34 ERROR const_copy odoo.addons.base.models.ir_model: Missing model followup.print 
2026-04-07 19:00:18,124 34 ERROR const_copy odoo.addons.base.models.ir_model: Missing model material.purchase.requisition 
2026-04-07 19:00:18,124 34 ERROR const_copy odoo.addons.base.models.ir_model: Missing model job.type 
2026-04-07 19:00:18,124 34 ERROR const_copy odoo.addons.base.models.ir_model: Missing model estimate.job.type 
2026-04-07 19:00:18,124 34 ERROR const_copy odoo.addons.base.models.ir_model: Missing model account.statement.total.wizard 
2026-04-07 19:00:18,124 34 ERROR const_copy odoo.addons.base.models.ir_model: Missing model consumption.type 
2026-04-07 19:00:18,124 34 ERROR const_copy odoo.addons.base.models.ir_model: Missing model account.statement.total.wizard 
2026-04-07 19:00:18,125 34 ERROR const_copy odoo.addons.base.models.ir_model: Missing model account.report.partner.ledger 
2026-04-07 19:00:18,125 34 ERROR const_copy odoo.addons.base.models.ir_model: Missing model accounting.report 
2026-04-07 19:00:18,125 34 ERROR const_copy odoo.addons.base.models.ir_model: Missing model account.budget.post 
2026-04-07 19:00:18,125 34 ERROR const_copy odoo.addons.base.models.ir_model: Missing model account.fiscal.year 
2026-04-07 19:00:18,125 34 ERROR const_copy odoo.addons.base.models.ir_model: Missing model dms.storage 
2026-04-07 19:00:18,125 34 ERROR const_copy odoo.addons.base.models.ir_model: Missing model account.budget.post 
2026-04-07 19:00:18,125 34 ERROR const_copy odoo.addons.base.models.ir_model: Missing model dashboard.block 
2026-04-07 19:00:18,125 34 ERROR const_copy odoo.addons.base.models.ir_model: Missing model accounting.report 
2026-04-07 19:00:18,125 34 ERROR const_copy odoo.addons.base.models.ir_model: Missing model account.asset.category 
2026-04-07 19:00:18,125 34 ERROR const_copy odoo.addons.base.models.ir_model: Missing model dms.file 
2026-04-07 19:00:18,125 34 ERROR const_copy odoo.addons.base.models.ir_model: Missing model sale.estimate.job 
2026-04-07 19:00:18,126 34 ERROR const_copy odoo.addons.base.models.ir_model: Missing model account.financial.report 
2026-04-07 19:00:18,126 34 ERROR const_copy odoo.addons.base.models.ir_model: Missing model account.report.general.ledger 
2026-04-07 19:00:18,126 34 ERROR const_copy odoo.addons.base.models.ir_model: Missing model account.aged.trial.balance 
2026-04-07 19:00:18,126 34 ERROR const_copy odoo.addons.base.models.ir_model: Missing model followup.followup 
2026-04-07 19:00:18,126 34 ERROR const_copy odoo.addons.base.models.ir_model: Missing model recurring.payment 
2026-04-07 19:00:18,126 34 ERROR const_copy odoo.addons.base.models.ir_model: Missing model account.daybook.report 
2026-04-07 19:00:18,126 34 ERROR const_copy odoo.addons.base.models.ir_model: Missing model account.cashbook.report 
2026-04-07 19:00:18,126 34 ERROR const_copy odoo.addons.base.models.ir_model: Missing model account.bankbook.report 
2026-04-07 19:00:18,126 34 ERROR const_copy odoo.addons.base.models.ir_model: Missing model dms.tag 
2026-04-07 19:00:18,126 34 ERROR const_copy odoo.addons.base.models.ir_model: Missing model dms.category 
2026-04-07 19:00:18,126 34 ERROR const_copy odoo.addons.base.models.ir_model: Missing model dms.access.group 
2026-04-07 19:00:18,126 34 ERROR const_copy odoo.addons.base.models.ir_model: Missing model material.purchase.requisition 
2026-04-07 19:00:18,126 34 ERROR const_copy odoo.addons.base.models.ir_model: Missing model equipment.checklist 
2026-04-07 19:00:18,126 34 ERROR const_copy odoo.addons.base.models.ir_model: Missing model equipment.checklist 
2026-04-07 19:00:18,126 34 ERROR const_copy odoo.addons.base.models.ir_model: Missing model crossovered.budget.lines 
2026-04-07 19:00:18,126 34 ERROR const_copy odoo.addons.base.models.ir_model: Missing model job.order.inspection 
2026-04-07 19:00:18,126 34 ERROR const_copy odoo.addons.base.models.ir_model: Missing model inspection.record 
2026-04-07 19:00:18,126 34 ERROR const_copy odoo.addons.base.models.ir_model: Missing model inspection.result 
2026-04-07 19:00:18,126 34 ERROR const_copy odoo.addons.base.models.ir_model: Missing model inspection.type 
2026-04-07 19:00:18,126 34 ERROR const_copy odoo.addons.base.models.ir_model: Missing model report.job.cost.volumn.trend 
2026-04-07 19:00:18,127 34 ERROR const_copy odoo.addons.base.models.ir_model: Missing model account.analytic.tag 
2026-04-07 19:00:18,127 34 ERROR const_copy odoo.addons.base.models.ir_model: Missing model account.account.reconcile 
2026-04-07 19:00:18,127 34 ERROR const_copy odoo.addons.base.models.ir_model: Missing model asset.management 
2026-04-07 19:00:18,127 34 ERROR const_copy odoo.addons.base.models.ir_model: Missing model asset.type 
2026-04-07 19:00:18,127 34 ERROR const_copy odoo.addons.base.models.ir_model: Missing model asset.management 
2026-04-07 19:00:18,127 34 ERROR const_copy odoo.addons.base.models.ir_model: Missing model report.job.cost.volumn.trend.line 
2026-04-07 19:00:18,127 34 ERROR const_copy odoo.addons.base.models.ir_model: Missing model qbg.account.voucher 
2026-04-07 19:00:18,127 34 ERROR const_copy odoo.addons.base.models.ir_model: Missing model cash.cash 
2026-04-07 19:00:18,127 34 ERROR const_copy odoo.addons.base.models.ir_model: Missing model date.range 
2026-04-07 19:00:18,127 34 ERROR const_copy odoo.addons.base.models.ir_model: Missing model date.range.type 
2026-04-07 19:00:18,127 34 ERROR const_copy odoo.addons.base.models.ir_model: Missing model date.range.generator 
2026-04-07 19:00:18,127 34 ERROR const_copy odoo.addons.base.models.ir_model: Missing model general.ledger.report.wizard 
2026-04-07 19:00:18,127 34 ERROR const_copy odoo.addons.base.models.ir_model: Missing model report.sign 
2026-04-07 19:00:18,127 34 ERROR const_copy odoo.addons.base.models.ir_model: Missing model purchase.order.report.wizard 
2026-04-07 19:00:18,127 34 ERROR const_copy odoo.addons.base.models.ir_model: Missing model account.statement.groupby.template 
2026-04-07 19:00:18,127 34 ERROR const_copy odoo.addons.base.models.ir_model: Missing model qader.report.settings 
2026-04-07 19:00:18,127 34 ERROR const_copy odoo.addons.base.models.ir_model: Missing model db.backup.configure 
2026-04-07 19:00:18,127 34 ERROR const_copy odoo.addons.base.models.ir_model: Missing model dashboard.menu 
2026-04-07 19:00:18,127 34 ERROR const_copy odoo.addons.base.models.ir_model: Missing model project.task.implemented.ratio 
2026-04-07 19:00:18,127 34 ERROR const_copy odoo.addons.base.models.ir_model: Missing model arm.menu.rule 
2026-04-07 19:00:18,127 34 ERROR const_copy odoo.addons.base.models.ir_model: Missing model purchase.order.report.wizard 
2026-04-07 19:00:18,127 34 ERROR const_copy odoo.addons.base.models.ir_model: Missing model sale.order.report.wizard 
2026-04-07 19:00:18,127 34 ERROR const_copy odoo.addons.base.models.ir_model: Missing model sale.order.report.wizard 
2026-04-07 19:00:18,127 34 ERROR const_copy odoo.addons.base.models.ir_model: Missing model sale.return.report.wizard 
2026-04-07 19:00:18,127 34 ERROR const_copy odoo.addons.base.models.ir_model: Missing model sale.return.report.wizard 
2026-04-07 19:00:18,127 34 ERROR const_copy odoo.addons.base.models.ir_model: Missing model project.block 
2026-04-07 19:00:18,127 34 ERROR const_copy odoo.addons.base.models.ir_model: Missing model project.block.line 
2026-04-07 19:00:18,127 34 ERROR const_copy odoo.addons.base.models.ir_model: Missing model report.planned.schedule 
2026-04-07 19:00:18,127 34 ERROR const_copy odoo.addons.base.models.ir_model: Missing model construction.project.dashboard 
2026-04-07 19:00:18,128 34 ERROR const_copy odoo.addons.base.models.ir_model: Missing model construction.submittal 
2026-04-07 19:00:18,128 34 ERROR const_copy odoo.addons.base.models.ir_model: Missing model journal.ledger.report.wizard 
2026-04-07 19:00:18,128 34 ERROR const_copy odoo.addons.base.models.ir_model: Missing model report.planned.schedule.until.today 
2026-04-07 19:00:18,128 34 ERROR const_copy odoo.addons.base.models.ir_model: Missing model account.balance.report 
2026-04-07 19:00:18,128 34 ERROR const_copy odoo.addons.base.models.ir_model: Missing model account.aged.trial.balance 
2026-04-07 19:00:18,128 34 ERROR const_copy odoo.addons.base.models.ir_model: Missing model crossovered.budget.lines 
2026-04-07 19:00:18,128 34 ERROR const_copy odoo.addons.base.models.ir_model: Missing model followup.stat 
2026-04-07 19:00:18,128 34 ERROR const_copy odoo.addons.base.models.ir_model: Missing model account.recurring.template 
2026-04-07 19:00:18,128 34 ERROR const_copy odoo.addons.base.models.ir_model: Missing model dms.file 
2026-04-07 19:00:18,128 34 ERROR const_copy odoo.addons.base.models.ir_model: Missing model qbg.partner.group 
2026-04-07 19:00:18,128 34 ERROR const_copy odoo.addons.base.models.ir_model: Missing model asset.vendor 
2026-04-07 19:00:18,128 34 ERROR const_copy odoo.addons.base.models.ir_model: Missing model asset.management 
2026-04-07 19:00:18,128 34 ERROR const_copy odoo.addons.base.models.ir_model: Missing model budget.lines 
2026-04-07 19:00:18,128 34 ERROR const_copy odoo.addons.base.models.ir_model: Missing model qbg.account.voucher 
2026-04-07 19:00:18,128 34 ERROR const_copy odoo.addons.base.models.ir_model: Missing model qader.customer.move.line.wizard 
2026-04-07 19:00:18,128 34 ERROR const_copy odoo.addons.base.models.ir_model: Missing model asset.type.integration 
2026-04-07 19:00:18,128 34 ERROR const_copy odoo.addons.base.models.ir_model: Missing model trial.balance.report.wizard 
2026-04-07 19:00:18,128 34 ERROR const_copy odoo.addons.base.models.ir_model: Missing model purchase.invoice.report.wizard 
2026-04-07 19:00:18,128 34 ERROR const_copy odoo.addons.base.models.ir_model: Missing model purchase.invoice.report.wizard 
2026-04-07 19:00:18,128 34 ERROR const_copy odoo.addons.base.models.ir_model: Missing model arm.field.rule 
2026-04-07 19:00:18,128 34 ERROR const_copy odoo.addons.base.models.ir_model: Missing model purchase.invoice.report.wizard 
2026-04-07 19:00:18,128 34 ERROR const_copy odoo.addons.base.models.ir_model: Missing model sale.invoice.report.wizard 
2026-04-07 19:00:18,129 34 ERROR const_copy odoo.addons.base.models.ir_model: Missing model sale.invoice.report.wizard 
2026-04-07 19:00:18,129 34 ERROR const_copy odoo.addons.base.models.ir_model: Missing model sale.invoice.report.wizard 
2026-04-07 19:00:18,129 34 ERROR const_copy odoo.addons.base.models.ir_model: Missing model sale.return.line.report.wizard 
2026-04-07 19:00:18,129 34 ERROR const_copy odoo.addons.base.models.ir_model: Missing model sale.return.line.report.wizard 
2026-04-07 19:00:18,129 34 ERROR const_copy odoo.addons.base.models.ir_model: Missing model report.actual.schedule 
2026-04-07 19:00:18,129 34 ERROR const_copy odoo.addons.base.models.ir_model: Missing model construction.variance.dashboard 
2026-04-07 19:00:18,129 34 ERROR const_copy odoo.addons.base.models.ir_model: Missing model construction.rfi 
2026-04-07 19:00:18,129 34 ERROR const_copy odoo.addons.base.models.ir_model: Missing model asset.asset.report 
2026-04-07 19:00:18,129 34 ERROR const_copy odoo.addons.base.models.ir_model: Missing model qader.customer.move.line.wizard 
2026-04-07 19:00:18,129 34 ERROR const_copy odoo.addons.base.models.ir_model: Missing model stock.in.report.wizard 
2026-04-07 19:00:18,129 34 ERROR const_copy odoo.addons.base.models.ir_model: Missing model stock.in.report.wizard 
2026-04-07 19:00:18,129 34 ERROR const_copy odoo.addons.base.models.ir_model: Missing model stock.out.report.wizard 
2026-04-07 19:00:18,129 34 ERROR const_copy odoo.addons.base.models.ir_model: Missing model stock.out.report.wizard 
2026-04-07 19:00:18,129 34 ERROR const_copy odoo.addons.base.models.ir_model: Missing model account.statement.total.wizard 
2026-04-07 19:00:18,129 34 ERROR const_copy odoo.addons.base.models.ir_model: Missing model stock.internal.report.wizard 
2026-04-07 19:00:18,129 34 ERROR const_copy odoo.addons.base.models.ir_model: Missing model stock.internal.report.wizard 
2026-04-07 19:00:18,129 34 ERROR const_copy odoo.addons.base.models.ir_model: Missing model asset.operations.view 
2026-04-07 19:00:18,129 34 ERROR const_copy odoo.addons.base.models.ir_model: Missing model report.earned.value 
2026-04-07 19:00:18,129 34 ERROR const_copy odoo.addons.base.models.ir_model: Missing model account.tax.report.wizard 
2026-04-07 19:00:18,129 34 ERROR const_copy odoo.addons.base.models.ir_model: Missing model account.aged.trial.balance 
2026-04-07 19:00:18,129 34 ERROR const_copy odoo.addons.base.models.ir_model: Missing model dms.directory 
2026-04-07 19:00:18,129 34 ERROR const_copy odoo.addons.base.models.ir_model: Missing model account.mass.reconcile 
2026-04-07 19:00:18,129 34 ERROR const_copy odoo.addons.base.models.ir_model: Missing model asset.transfer.entry 
2026-04-07 19:00:18,129 34 ERROR const_copy odoo.addons.base.models.ir_model: Missing model asset.management 
2026-04-07 19:00:18,129 34 ERROR const_copy odoo.addons.base.models.ir_model: Missing model qbg.account.voucher 
2026-04-07 19:00:18,129 34 ERROR const_copy odoo.addons.base.models.ir_model: Missing model open.items.report.wizard 
2026-04-07 19:00:18,129 34 ERROR const_copy odoo.addons.base.models.ir_model: Missing model qbg.beneficiary 
2026-04-07 19:00:18,130 34 ERROR const_copy odoo.addons.base.models.ir_model: Missing model purchase.order.line.report.wizard 
2026-04-07 19:00:18,130 34 ERROR const_copy odoo.addons.base.models.ir_model: Missing model arm.record.rule 
2026-04-07 19:00:18,130 34 ERROR const_copy odoo.addons.base.models.ir_model: Missing model purchase.order.line.report.wizard 
2026-04-07 19:00:18,130 34 ERROR const_copy odoo.addons.base.models.ir_model: Missing model sale.order.line.report.wizard 
2026-04-07 19:00:18,130 34 ERROR const_copy odoo.addons.base.models.ir_model: Missing model sale.order.line.report.wizard 
2026-04-07 19:00:18,130 34 ERROR const_copy odoo.addons.base.models.ir_model: Missing model import.planned.data.wizard 
2026-04-07 19:00:18,130 34 ERROR const_copy odoo.addons.base.models.ir_model: Missing model construction.risk.dashboard 
2026-04-07 19:00:18,130 34 ERROR const_copy odoo.addons.base.models.ir_model: Missing model construction.drawing 
2026-04-07 19:00:18,130 34 ERROR const_copy odoo.addons.base.models.ir_model: Missing model account.print.journal 
2026-04-07 19:00:18,130 34 ERROR const_copy odoo.addons.base.models.ir_model: Missing model asset.maintenance.entry 
2026-04-07 19:00:18,130 34 ERROR const_copy odoo.addons.base.models.ir_model: Missing model asset.transfer.entry 
2026-04-07 19:00:18,130 34 ERROR const_copy odoo.addons.base.models.ir_model: Missing model aged.partner.balance.report.wizard 
2026-04-07 19:00:18,130 34 ERROR const_copy odoo.addons.base.models.ir_model: Missing model account.move.line.invoice.report.wizard 
2026-04-07 19:00:18,130 34 ERROR const_copy odoo.addons.base.models.ir_model: Missing model account.move.line.invoice.report.wizard 
2026-04-07 19:00:18,130 34 ERROR const_copy odoo.addons.base.models.ir_model: Missing model arm.view.rule 
2026-04-07 19:00:18,130 34 ERROR const_copy odoo.addons.base.models.ir_model: Missing model account.move.line.invoice.report.wizard 
2026-04-07 19:00:18,130 34 ERROR const_copy odoo.addons.base.models.ir_model: Missing model account.move.line.invoice.report.wizard 
2026-04-07 19:00:18,130 34 ERROR const_copy odoo.addons.base.models.ir_model: Missing model account.move.line.invoice.report.wizard 
2026-04-07 19:00:18,130 34 ERROR const_copy odoo.addons.base.models.ir_model: Missing model account.move.line.invoice.report.wizard 
2026-04-07 19:00:18,130 34 ERROR const_copy odoo.addons.base.models.ir_model: Missing model stock.inventory.advanced.report.wizard 
2026-04-07 19:00:18,130 34 ERROR const_copy odoo.addons.base.models.ir_model: Missing model stock.inventory.advanced.report.wizard 
2026-04-07 19:00:18,130 34 ERROR const_copy odoo.addons.base.models.ir_model: Missing model construction.contractor.dashboard 
2026-04-07 19:00:18,130 34 ERROR const_copy odoo.addons.base.models.ir_model: Missing model inventory.stock.movement.report 
2026-04-07 19:00:18,130 34 ERROR const_copy odoo.addons.base.models.ir_model: Missing model inventory.stock.movement.report 
2026-04-07 19:00:18,130 34 ERROR const_copy odoo.addons.base.models.ir_model: Missing model stock.quant.report.wizard 
2026-04-07 19:00:18,130 34 ERROR const_copy odoo.addons.base.models.ir_model: Missing model stock.quant.report.wizard 
2026-04-07 19:00:18,130 34 ERROR const_copy odoo.addons.base.models.ir_model: Missing model dashboard.theme 
2026-04-07 19:00:18,130 34 ERROR const_copy odoo.addons.base.models.ir_model: Missing model asset.depreciation.entry 
2026-04-07 19:00:18,130 34 ERROR const_copy odoo.addons.base.models.ir_model: Missing model asset.maintenance.entry 
2026-04-07 19:00:18,130 34 ERROR const_copy odoo.addons.base.models.ir_model: Missing model cost.calculation.config 
2026-04-07 19:00:18,131 34 ERROR const_copy odoo.addons.base.models.ir_model: Missing model timesheet.structure 
2026-04-07 19:00:18,131 34 ERROR const_copy odoo.addons.base.models.ir_model: Missing model vat.report.wizard 
2026-04-07 19:00:18,131 34 ERROR const_copy odoo.addons.base.models.ir_model: Missing model account.voucher.report.wizard 
2026-04-07 19:00:18,131 34 ERROR const_copy odoo.addons.base.models.ir_model: Missing model account.voucher.report.wizard 
2026-04-07 19:00:18,131 34 ERROR const_copy odoo.addons.base.models.ir_model: Missing model account.voucher.line.report.wizard 
2026-04-07 19:00:18,131 34 ERROR const_copy odoo.addons.base.models.ir_model: Missing model account.voucher.line.report.wizard 
2026-04-07 19:00:18,131 34 ERROR const_copy odoo.addons.base.models.ir_model: Missing model account.voucher.line.report.wizard 
2026-04-07 19:00:18,131 34 ERROR const_copy odoo.addons.base.models.ir_model: Missing model account.voucher.line.report.wizard 
2026-04-07 19:00:18,131 34 ERROR const_copy odoo.addons.base.models.ir_model: Missing model account.voucher.report.wizard 
2026-04-07 19:00:18,131 34 ERROR const_copy odoo.addons.base.models.ir_model: Missing model account.voucher.report.wizard 
2026-04-07 19:00:18,131 34 ERROR const_copy odoo.addons.base.models.ir_model: Missing model construction.cashflow.dashboard 
2026-04-07 19:00:18,131 34 ERROR const_copy odoo.addons.base.models.ir_model: Missing model asset.type.integration 
2026-04-07 19:00:18,131 34 ERROR const_copy odoo.addons.base.models.ir_model: Missing model timesheet.structure.line 
2026-04-07 19:00:18,131 34 ERROR const_copy odoo.addons.base.models.ir_model: Missing model change.lock.date 
2026-04-07 19:00:18,131 34 ERROR const_copy odoo.addons.base.models.ir_model: Missing model crossovered.budget 
2026-04-07 19:00:18,131 34 ERROR const_copy odoo.addons.base.models.ir_model: Missing model asset.depreciation.entry 
2026-04-07 19:00:18,131 34 ERROR const_copy odoo.addons.base.models.ir_model: Missing model sales.order.cost.report 
2026-04-07 19:00:18,131 34 ERROR const_copy odoo.addons.base.models.ir_model: Missing model budget.budget 
2026-04-07 19:00:18,131 34 ERROR const_copy odoo.addons.base.models.ir_model: Missing model equipment.contract 
2026-04-07 19:00:18,131 34 ERROR const_copy odoo.addons.base.models.ir_model: Missing model construction.technical.dashboard 
2026-04-07 19:00:18,131 34 ERROR const_copy odoo.addons.base.models.ir_model: Missing model equipment.contract.line 
2026-04-07 19:00:18,131 34 ERROR const_copy odoo.addons.base.models.ir_model: Missing model equipment.contract 
2026-04-07 19:00:18,131 34 ERROR const_copy odoo.addons.base.models.ir_model: Missing model equipment.contract.line 
2026-04-07 19:00:18,131 34 ERROR const_copy odoo.addons.base.models.ir_model: Missing model equipment.contract.operation.package 
2026-04-07 19:00:18,131 34 ERROR const_copy odoo.addons.base.models.ir_model: Missing model timesheet.report.wizard 
2026-04-07 19:00:18,131 34 ERROR const_copy odoo.addons.base.models.ir_model: Missing model equipment.contract.operation 
2026-04-07 19:00:18,131 34 ERROR const_copy odoo.addons.base.models.ir_model: Missing model equipment.contract.operation.package 
2026-04-07 19:00:18,131 34 ERROR const_copy odoo.addons.base.models.ir_model: Missing model equipment.contract.operation 
2026-04-07 19:00:18,132 34 ERROR const_copy odoo.addons.base.models.ir_model: Missing model contract.operation.report.wizard 
2026-04-07 19:00:18,132 34 ERROR const_copy odoo.addons.base.models.ir_model: Missing model timesheet.report.wizard 
2026-04-07 19:00:18,132 34 ERROR const_copy odoo.addons.base.models.ir_model: Missing model account.move.report.wizard 
2026-04-07 19:00:18,132 34 ERROR const_copy odoo.addons.base.models.ir_model: Missing model account.statement.groupby.template 
2026-04-07 19:00:18,132 34 ERROR const_copy odoo.addons.base.models.ir_model: Missing model account.move.report.wizard 
2026-04-07 19:00:18,132 34 ERROR const_copy odoo.addons.base.models.ir_model: Missing model contract.operation.report.wizard 
2026-04-07 19:00:18,132 34 ERROR const_copy odoo.addons.base.models.ir_model: Missing model contract.operation.report.wizard 
2026-04-07 19:00:18,132 34 ERROR const_copy odoo.addons.base.models.ir_model: Missing model contract.report.wizard 
2026-04-07 19:00:18,132 34 ERROR const_copy odoo.addons.base.models.ir_model: Missing model contract.report.wizard 
2026-04-07 19:00:18,132 34 ERROR const_copy odoo.addons.base.models.ir_model: Missing model account.asset.asset 
2026-04-07 19:00:18,132 34 ERROR const_copy odoo.addons.base.models.ir_model: Missing model account.move.line.invoice.report.wizard 
2026-04-07 19:00:18,132 34 ERROR const_copy odoo.addons.base.models.ir_model: Missing model asset.depreciation.confirmation.wizard 
2026-04-07 19:00:18,132 34 ERROR const_copy odoo.addons.base.models.ir_model: Missing model account.move.line.report.wizard 
2026-04-07 19:00:18,132 34 ERROR const_copy odoo.addons.base.models.ir_model: Missing model account.move.line.report.wizard 
2026-04-07 19:00:18,309 34 INFO const_copy werkzeug: 172.16.31.134 - - [07/Apr/2026 19:00:18] "GET /web HTTP/1.1" 200 - 96 0.023 0.181
2026-04-07 19:00:18,427 31 INFO ? odoo.modules.registry: Invalidating caches after database signaling: ['default', 'templates.cached_values'] 
2026-04-07 19:00:18,430 32 INFO ? odoo.modules.registry: Invalidating caches after database signaling: ['default', 'templates.cached_values'] 
2026-04-07 19:00:18,431 36 INFO ? odoo.modules.registry: Invalidating caches after database signaling: ['default', 'templates.cached_values'] 
2026-04-07 19:00:18,435 34 INFO const_copy werkzeug: 172.16.31.134 - - [07/Apr/2026 19:00:18] "GET /web/webclient/load_menus/28a990949dfa3e9104a84215d117346367d997c951437042c38e068bf35643bf HTTP/1.1" 200 - 2 0.001 0.006
2026-04-07 19:00:18,446 34 INFO const_copy werkzeug: 172.16.31.134 - - [07/Apr/2026 19:00:18] "GET /web/manifest.webmanifest HTTP/1.1" 200 - 9 0.003 0.005
2026-04-07 19:00:18,491 36 INFO const_copy werkzeug: 172.16.31.134 - - [07/Apr/2026 19:00:18] "GET /web/webclient/translations/277b41574f8a72307b6e1db3ad7a3e767d0d876d?lang=en_US HTTP/1.1" 200 - 8 0.003 0.059
2026-04-07 19:00:19,195 31 INFO const_copy odoo.addons.base.models.assetsbundle: Generating a new asset bundle attachment /web/assets/5cbce8b/web.assets_web.min.css (id:4746) 
2026-04-07 19:00:19,196 31 INFO const_copy odoo.addons.base.models.assetsbundle: Deleting attachments [4741] (matching /web/assets/_______/web.assets_web.min.css) because it was replaced with /web/assets/5cbce8b/web.assets_web.min.css 
2026-04-07 19:00:19,210 31 INFO const_copy werkzeug: 172.16.31.134 - - [07/Apr/2026 19:00:19] "GET /web/assets/5cbce8b/web.assets_web.min.css HTTP/1.1" 200 - 40 0.028 0.756
2026-04-07 19:00:19,400 32 INFO const_copy odoo.addons.base.models.assetsbundle: Generating a new asset bundle attachment /web/assets/1ca2774/web.assets_web.min.js (id:4747) 
2026-04-07 19:00:19,401 32 INFO const_copy odoo.addons.base.models.assetsbundle: Deleting attachments [4742] (matching /web/assets/_______/web.assets_web.min.js) because it was replaced with /web/assets/1ca2774/web.assets_web.min.js 
2026-04-07 19:00:19,418 32 INFO const_copy werkzeug: 172.16.31.134 - - [07/Apr/2026 19:00:19] "GET /web/assets/1ca2774/web.assets_web.min.js HTTP/1.1" 200 - 37 0.013 0.977
2026-04-07 19:00:19,734 34 INFO const_copy werkzeug: 172.16.31.134 - - [07/Apr/2026 19:00:19] "GET /nati_arabic_font/static/src/fonts/Almarai/Almarai-Bold.woff HTTP/1.1" 303 - 10 0.002 0.005
2026-04-07 19:00:19,759 36 INFO const_copy werkzeug: 172.16.31.134 - - [07/Apr/2026 19:00:19] "GET /bus/websocket_worker_bundle?v=17.0-3 HTTP/1.1" 200 - 5 0.001 0.004
2026-04-07 19:00:19,799 36 INFO const_copy werkzeug: 172.16.31.134 - - [07/Apr/2026 19:00:19] "POST /mail/init_messaging HTTP/1.1" 200 - 60 0.013 0.018
2026-04-07 19:00:19,821 36 INFO const_copy werkzeug: 172.16.31.134 - - [07/Apr/2026 19:00:19] "POST /web/dataset/call_kw/res.users/systray_get_activities HTTP/1.1" 200 - 26 0.006 0.007
2026-04-07 19:00:19,832 34 INFO const_copy werkzeug: 172.16.31.134 - - [07/Apr/2026 19:00:19] "GET /en/nati_arabic_font/static/src/fonts/Almarai/Almarai-Bold.woff HTTP/1.1" 404 - 66 0.010 0.079
2026-04-07 19:00:19,841 36 INFO const_copy werkzeug: 172.16.31.134 - - [07/Apr/2026 19:00:19] "POST /web/action/load HTTP/1.1" 200 - 6 0.001 0.003
2026-04-07 19:00:19,844 32 ERROR const_copy odoo.http: Exception during request handling. 
Traceback (most recent call last):
  File "/usr/lib/python3/dist-packages/odoo/http.py", line 2410, in __call__
    response = request._serve_db()
  File "/usr/lib/python3/dist-packages/odoo/http.py", line 1985, in _serve_db
    return service_model.retrying(self._serve_ir_http, self.env)
  File "/usr/lib/python3/dist-packages/odoo/service/model.py", line 153, in retrying
    result = func()
  File "/usr/lib/python3/dist-packages/odoo/http.py", line 2013, in _serve_ir_http
    response = self.dispatcher.dispatch(rule.endpoint, args)
  File "/usr/lib/python3/dist-packages/odoo/http.py", line 2217, in dispatch
    result = self.request.registry['ir.http']._dispatch(endpoint)
  File "/usr/lib/python3/dist-packages/odoo/addons/base/models/ir_http.py", line 221, in _dispatch
    result = endpoint(**request.params)
  File "/usr/lib/python3/dist-packages/odoo/http.py", line 799, in route_wrapper
    result = endpoint(self, *args, **params_ok)
  File "/usr/lib/python3/dist-packages/odoo/addons/mail/controllers/webclient.py", line 27, in mail_load_message_failures
    return request.env.user.partner_id._message_fetch_failed()
  File "/usr/lib/python3/dist-packages/odoo/addons/mail/models/res_partner.py", line 264, in _message_fetch_failed
    existing = {
  File "/usr/lib/python3/dist-packages/odoo/addons/mail/models/res_partner.py", line 265, in <dictcomp>
    model: set(self.env[model].browse(ids).exists().ids)
  File "/usr/lib/python3/dist-packages/odoo/api.py", line 550, in __getitem__
    return self.registry[model_name](self, (), ())
  File "/usr/lib/python3/dist-packages/odoo/modules/registry.py", line 209, in __getitem__
    return self.models[model_name]
KeyError: 'timesheet.structure'
2026-04-07 19:00:19,844 32 INFO const_copy werkzeug: 172.16.31.134 - - [07/Apr/2026 19:00:19] "POST /mail/load_message_failures HTTP/1.1" 200 - 6 0.002 0.005
2026-04-07 19:00:19,845 34 INFO const_copy werkzeug: 172.16.31.134 - - [07/Apr/2026 19:00:19] "GET /web/image?model=res.users&field=avatar_128&id=2 HTTP/1.1" 200 - 16 0.004 0.007
2026-04-07 19:00:19,857 34 INFO ? werkzeug: 172.18.0.3 - - [07/Apr/2026 19:00:19] "GET /web/static/lib/odoo_ui_icons/fonts/odoo_ui_icons.woff2 HTTP/1.1" 200 - 0 0.000 0.001
2026-04-07 19:00:19,864 32 INFO const_copy werkzeug: 172.16.31.134 - - [07/Apr/2026 19:00:19] "GET /nati_arabic_font/static/src/fonts/Almarai/Almarai-Regular.woff HTTP/1.1" 303 - 10 0.002 0.005
2026-04-07 19:00:19,864 36 INFO const_copy werkzeug: 172.16.31.134 - - [07/Apr/2026 19:00:19] "GET /nati_arabic_font/static/src/fonts/Almarai/Almarai-Bold.ttf HTTP/1.1" 303 - 10 0.002 0.005
2026-04-07 19:00:19,885 37 INFO ? odoo.modules.loading: loading 1 modules... 
2026-04-07 19:00:19,889 37 INFO ? odoo.modules.loading: 1 modules loaded in 0.00s, 0 queries (+0 extra) 
2026-04-07 19:00:19,893 37 WARNING ? odoo.modules.graph: module stock_picking_procure_method: not installable, skipped 
2026-04-07 19:00:19,893 37 WARNING ? odoo.modules.graph: module om_account_budget: not installable, skipped 
2026-04-07 19:00:19,893 37 WARNING ? odoo.modules.graph: module account_analytic_parent: not installable, skipped 
2026-04-07 19:00:19,893 37 WARNING ? odoo.modules.graph: module odoo_dynamic_dashboard: not installable, skipped 
2026-04-07 19:00:19,893 37 WARNING ? odoo.modules.graph: module rcs_list_sticky_header: not installable, skipped 
2026-04-07 19:00:19,893 37 WARNING ? odoo.modules.graph: module partner_link_account_move_line: not installable, skipped 
2026-04-07 19:00:19,893 37 WARNING ? odoo.modules.graph: module report_xlsx: not installable, skipped 
2026-04-07 19:00:19,893 37 WARNING ? odoo.modules.graph: module dynamic_cashflow_statement: not installable, skipped 
2026-04-07 19:00:19,893 37 WARNING ? odoo.modules.graph: module base_view_inheritance_extension: not installable, skipped 
2026-04-07 19:00:19,893 37 WARNING ? odoo.modules.graph: module stock_no_negative: not installable, skipped 
2026-04-07 19:00:19,893 37 WARNING ? odoo.modules.graph: module date_range: not installable, skipped 
2026-04-07 19:00:19,893 37 WARNING ? odoo.modules.graph: module base_account_budget: not installable, skipped 
2026-04-07 19:00:19,893 37 WARNING ? odoo.modules.graph: module stock_direct_operation_account: not installable, skipped 
2026-04-07 19:00:19,893 37 WARNING ? odoo.modules.graph: module account_in_payment: not installable, skipped 
2026-04-07 19:00:19,894 37 WARNING ? odoo.modules.graph: module account_reconcile_oca: not installable, skipped 
2026-04-07 19:00:19,894 37 WARNING ? odoo.modules.graph: module report_sign: not installable, skipped 
2026-04-07 19:00:19,894 37 WARNING ? odoo.modules.graph: module qbg_partner_type: not installable, skipped 
2026-04-07 19:00:19,894 37 WARNING ? odoo.modules.graph: module account_statement_base: not installable, skipped 
2026-04-07 19:00:19,894 37 WARNING ? odoo.modules.graph: module asset_extension: not installable, skipped 
2026-04-07 19:00:19,894 37 WARNING ? odoo.modules.graph: module account_reconcile_model_oca: not installable, skipped 
2026-04-07 19:00:19,894 37 WARNING ? odoo.modules.graph: module account_mass_reconcile: not installable, skipped 
2026-04-07 19:00:19,894 37 WARNING ? odoo.modules.graph: module account_financial_report: not installable, skipped 
2026-04-07 19:00:19,894 37 WARNING ? odoo.modules.graph: module job_cost_estimate_customer: not installable, skipped 
2026-04-07 19:00:19,894 37 WARNING ? odoo.modules.graph: module asset_mro_maintenance_management: not installable, skipped 
2026-04-07 19:00:19,894 37 WARNING ? odoo.modules.graph: module job_work_order_expense: not installable, skipped 
2026-04-07 19:00:19,894 37 WARNING ? odoo.modules.graph: module asset_management: not installable, skipped 
2026-04-07 19:00:19,894 37 WARNING ? odoo.modules.graph: module om_account_asset: not installable, skipped 
2026-04-07 19:00:19,894 37 WARNING ? odoo.modules.graph: module account_analytic_tag: not installable, skipped 
2026-04-07 19:00:19,894 37 WARNING ? odoo.modules.graph: module account_hierarchy_tree: not installable, skipped 
2026-04-07 19:00:19,894 37 WARNING ? odoo.modules.graph: module om_recurring_payments: not installable, skipped 
2026-04-07 19:00:19,894 37 WARNING ? odoo.modules.graph: module asset_man_odoo_asset_integ: not installable, skipped 
2026-04-07 19:00:19,894 37 WARNING ? odoo.modules.graph: module nati_arabic_font: not installable, skipped 
2026-04-07 19:00:19,894 37 WARNING ? odoo.modules.graph: module purchase_location_by_line: not installable, skipped 
2026-04-07 19:00:19,894 37 WARNING ? odoo.modules.graph: module om_account_followup: not installable, skipped 
2026-04-07 19:00:19,895 37 WARNING ? odoo.modules.graph: module stock_picking_analytic: not installable, skipped 
2026-04-07 19:00:19,895 37 WARNING ? odoo.modules.graph: module purchase_delivery_split_date: not installable, skipped 
2026-04-07 19:00:19,895 37 WARNING ? odoo.modules.graph: module stock_analytic: not installable, skipped 
2026-04-07 19:00:19,895 37 WARNING ? odoo.modules.graph: module material_purchase_requisitions: not installable, skipped 
2026-04-07 19:00:19,895 37 WARNING ? odoo.modules.graph: module job_costing_budget_contracting: not installable, skipped 
2026-04-07 19:00:19,895 37 WARNING ? odoo.modules.graph: module job_costing_profit_loss: not installable, skipped 
2026-04-07 19:00:19,895 37 WARNING ? odoo.modules.graph: module dms: not installable, skipped 
2026-04-07 19:00:19,895 37 WARNING ? odoo.modules.graph: module qader_construction_dashboard: not installable, skipped 
2026-04-07 19:00:19,895 37 WARNING ? odoo.modules.graph: module job_order_material_requisition: not installable, skipped 
2026-04-07 19:00:19,895 37 WARNING ? odoo.modules.graph: module job_order_link_cost_sheet: not installable, skipped 
2026-04-07 19:00:19,895 37 WARNING ? odoo.modules.graph: module job_order_material_consumption: not installable, skipped 
2026-04-07 19:00:19,895 37 WARNING ? odoo.modules.graph: module stock_picking_create_purchase_order: not installable, skipped 
2026-04-07 19:00:19,895 37 WARNING ? odoo.modules.graph: module qader_job_order_equipment: not installable, skipped 
2026-04-07 19:00:19,895 37 WARNING ? odoo.modules.graph: module auto_database_backup: not installable, skipped 
2026-04-07 19:00:19,896 37 WARNING ? odoo.modules.graph: module qader_report: not installable, skipped 
2026-04-07 19:00:19,896 37 WARNING ? odoo.modules.graph: module web_timeline: not installable, skipped 
2026-04-07 19:00:19,896 37 WARNING ? odoo.modules.graph: module project_timeline: not installable, skipped 
2026-04-07 19:00:19,896 37 WARNING ? odoo.modules.graph: module account_cash_management: not installable, skipped 
2026-04-07 19:00:19,897 37 WARNING ? odoo.modules.graph: module construction_bi: not installable, skipped 
2026-04-07 19:00:19,897 37 WARNING ? odoo.modules.graph: module job_costing_dashboard: not installable, skipped 
2026-04-07 19:00:19,897 37 WARNING ? odoo.modules.graph: module construction_maintenance_equipment: not installable, skipped 
2026-04-07 19:00:19,897 37 WARNING ? odoo.modules.graph: module qader_contact_move_line_report: not installable, skipped 
2026-04-07 19:00:19,897 37 WARNING ? odoo.modules.graph: module qader_account_voucher: not installable, skipped 
2026-04-07 19:00:19,897 37 WARNING ? odoo.modules.graph: module qader_construction_account_voucher: not installable, skipped 
2026-04-07 19:00:19,897 37 WARNING ? odoo.modules.graph: module stock_move_actual_date: not installable, skipped 
2026-04-07 19:00:19,897 37 WARNING ? odoo.modules.graph: module odoo_job_costing_management: not installable, skipped 
2026-04-07 19:00:19,897 37 WARNING ? odoo.modules.graph: module job_costing_cost_actual: not installable, skipped 
2026-04-07 19:00:19,897 37 WARNING ? odoo.modules.graph: module job_equipments_maintenance_request: not installable, skipped 
2026-04-07 19:00:19,897 37 WARNING ? odoo.modules.graph: module job_inspection: not installable, skipped 
2026-04-07 19:00:19,897 37 WARNING ? odoo.modules.graph: module material_requisition_cost_sheet: not installable, skipped 
2026-04-07 19:00:19,898 37 WARNING ? odoo.modules.graph: module job_costing_volumn_trend: not installable, skipped 
2026-04-07 19:00:19,898 37 WARNING ? odoo.modules.graph: module access_rights_manager_custom: not installable, skipped 
2026-04-07 19:00:19,898 37 WARNING ? odoo.modules.graph: module qader_construction_report: not installable, skipped 
2026-04-07 19:00:19,899 37 WARNING ? odoo.modules.graph: module po_into_task: not installable, skipped 
2026-04-07 19:00:19,899 37 WARNING ? odoo.modules.graph: module qader_stock_report: not installable, skipped 
2026-04-07 19:00:19,900 37 WARNING ? odoo.modules.graph: module contract_schedule: not installable, skipped 
2026-04-07 19:00:19,900 37 WARNING ? odoo.modules.graph: module syn_disable_quick_create: not installable, skipped 
2026-04-07 19:00:19,900 37 WARNING ? odoo.modules.graph: module qader_construction_invoice_report: not installable, skipped 
2026-04-07 19:00:19,900 37 WARNING ? odoo.modules.graph: module om_account_accountant: not installable, skipped 
2026-04-07 19:00:19,900 37 WARNING ? odoo.modules.graph: module web_theme: not installable, skipped 
2026-04-07 19:00:19,902 37 WARNING ? odoo.modules.graph: module qader_construction_contract: not installable, skipped 
2026-04-07 19:00:19,908 37 WARNING ? odoo.modules.graph: module accounting_pdf_reports: not installable, skipped 
2026-04-07 19:00:19,913 37 WARNING ? odoo.modules.graph: module qad_l10n_ye: not installable, skipped 
2026-04-07 19:00:19,914 37 WARNING ? odoo.modules.graph: module qader_account_report: not installable, skipped 
2026-04-07 19:00:19,914 37 WARNING ? odoo.modules.graph: module qader_create_job_cost_sheet: not installable, skipped 
2026-04-07 19:00:19,914 37 WARNING ? odoo.modules.graph: module om_fiscal_year: not installable, skipped 
2026-04-07 19:00:19,914 37 WARNING ? odoo.modules.graph: module om_account_daily_reports: not installable, skipped 
2026-04-07 19:00:19,914 37 WARNING ? odoo.modules.graph: module qader_purchase_report: not installable, skipped 
2026-04-07 19:00:19,914 37 WARNING ? odoo.modules.graph: module qader_sales_report: not installable, skipped 
2026-04-07 19:00:19,915 37 WARNING ? odoo.modules.graph: module qader_project_block: not installable, skipped 
2026-04-07 19:00:19,916 37 WARNING ? odoo.modules.graph: module partner_daily_payment: not installable, skipped 
2026-04-07 19:00:19,917 36 INFO const_copy werkzeug: 172.16.31.134 - - [07/Apr/2026 19:00:19] "GET /en/nati_arabic_font/static/src/fonts/Almarai/Almarai-Regular.woff HTTP/1.1" 404 - 51 0.008 0.040
2026-04-07 19:00:19,918 37 INFO ? odoo.modules.loading: loading 121 modules... 
2026-04-07 19:00:19,930 36 INFO const_copy werkzeug: 172.16.31.134 - - [07/Apr/2026 19:00:19] "GET /nati_arabic_font/static/src/fonts/Almarai/Almarai-Regular.ttf HTTP/1.1" 303 - 3 0.001 0.002
2026-04-07 19:00:19,940 32 INFO const_copy werkzeug: 172.16.31.134 - - [07/Apr/2026 19:00:19] "GET /en/nati_arabic_font/static/src/fonts/Almarai/Almarai-Bold.ttf HTTP/1.1" 404 - 69 0.011 0.059
2026-04-07 19:00:19,946 36 INFO const_copy werkzeug: 172.16.31.134 - - [07/Apr/2026 19:00:19] "GET /en/nati_arabic_font/static/src/fonts/Almarai/Almarai-Regular.ttf HTTP/1.1" 404 - 9 0.002 0.006
2026-04-07 19:00:19,959 34 INFO const_copy werkzeug: 172.16.31.134 - - [07/Apr/2026 19:00:19] "GET /qader_contact_move_line_report/static/src/fonts/Almarai-Bold.woff2 HTTP/1.1" 303 - 4 0.001 0.002
2026-04-07 19:00:19,971 36 INFO const_copy werkzeug: 172.16.31.134 - - [07/Apr/2026 19:00:19] "GET /en/qader_contact_move_line_report/static/src/fonts/Almarai-Bold.woff2 HTTP/1.1" 404 - 9 0.002 0.006
2026-04-07 19:00:19,981 31 INFO const_copy werkzeug: 172.16.31.134 - - [07/Apr/2026 19:00:19] "GET /qader_contact_move_line_report/static/src/fonts/Almarai-Regular.woff2 HTTP/1.1" 303 - 10 0.002 0.007
2026-04-07 19:00:19,983 36 INFO const_copy werkzeug: 172.16.31.134 - - [07/Apr/2026 19:00:19] "GET /qader_contact_move_line_report/static/src/fonts/Almarai-Bold.woff HTTP/1.1" 303 - 4 0.001 0.002
2026-04-07 19:00:19,998 34 INFO const_copy werkzeug: 172.16.31.134 - - [07/Apr/2026 19:00:19] "GET /en/qader_contact_move_line_report/static/src/fonts/Almarai-Regular.woff2 HTTP/1.1" 404 - 9 0.003 0.007
2026-04-07 19:00:20,013 36 INFO const_copy werkzeug: 172.16.31.134 - - [07/Apr/2026 19:00:20] "GET /qader_contact_move_line_report/static/src/fonts/Almarai-Regular.woff HTTP/1.1" 303 - 3 0.001 0.003
2026-04-07 19:00:20,032 36 INFO const_copy werkzeug: 172.16.31.134 - - [07/Apr/2026 19:00:20] "GET /en/qader_contact_move_line_report/static/src/fonts/Almarai-Regular.woff HTTP/1.1" 404 - 9 0.002 0.008
2026-04-07 19:00:20,038 31 INFO const_copy werkzeug: 172.16.31.134 - - [07/Apr/2026 19:00:20] "GET /en/qader_contact_move_line_report/static/src/fonts/Almarai-Bold.woff HTTP/1.1" 404 - 54 0.009 0.041
2026-04-07 19:00:20,048 34 INFO const_copy werkzeug: 172.16.31.134 - - [07/Apr/2026 19:00:20] "GET /qader_contact_move_line_report/static/src/fonts/Almarai-Regular.ttf HTTP/1.1" 303 - 3 0.001 0.002
2026-04-07 19:00:20,051 36 INFO const_copy werkzeug: 172.16.31.134 - - [07/Apr/2026 19:00:20] "GET /qader_contact_move_line_report/static/src/fonts/Almarai-Bold.ttf HTTP/1.1" 303 - 3 0.001 0.002
2026-04-07 19:00:20,064 36 INFO const_copy werkzeug: 172.16.31.134 - - [07/Apr/2026 19:00:20] "GET /en/qader_contact_move_line_report/static/src/fonts/Almarai-Bold.ttf HTTP/1.1" 404 - 9 0.001 0.006
2026-04-07 19:00:20,066 32 INFO const_copy werkzeug: 172.16.31.134 - - [07/Apr/2026 19:00:20] "GET /en/qader_contact_move_line_report/static/src/fonts/Almarai-Regular.ttf HTTP/1.1" 404 - 9 0.002 0.008
2026-04-07 19:00:20,308 37 INFO ? odoo.modules.loading: 121 modules loaded in 0.39s, 0 queries (+0 extra) 
2026-04-07 19:00:20,405 37 ERROR ? odoo.modules.loading: Some modules are not loaded, some dependencies or manifest may be missing: ['access_rights_manager_custom', 'account_analytic_parent', 'account_analytic_tag', 'account_cash_management', 'account_financial_report', 'account_hierarchy_tree', 'account_in_payment', 'account_mass_reconcile', 'account_reconcile_model_oca', 'account_reconcile_oca', 'account_statement_base', 'accounting_pdf_reports', 'asset_extension', 'asset_man_odoo_asset_integ', 'asset_management', 'asset_mro_maintenance_management', 'auto_database_backup', 'base_account_budget', 'base_view_inheritance_extension', 'construction_bi', 'construction_maintenance_equipment', 'contract_schedule', 'date_range', 'dms', 'dynamic_cashflow_statement', 'job_cost_estimate_customer', 'job_costing_budget_contracting', 'job_costing_cost_actual', 'job_costing_dashboard', 'job_costing_profit_loss', 'job_costing_volumn_trend', 'job_equipments_maintenance_request', 'job_inspection', 'job_order_link_cost_sheet', 'job_order_material_consumption', 'job_order_material_requisition', 'job_work_order_expense', 'material_purchase_requisitions', 'material_requisition_cost_sheet', 'nati_arabic_font', 'odoo_dynamic_dashboard', 'odoo_job_costing_management', 'om_account_accountant', 'om_account_asset', 'om_account_budget', 'om_account_daily_reports', 'om_account_followup', 'om_fiscal_year', 'om_recurring_payments', 'partner_daily_payment', 'partner_link_account_move_line', 'po_into_task', 'project_timeline', 'purchase_delivery_split_date', 'purchase_location_by_line', 'qad_l10n_ye', 'qader_account_report', 'qader_account_voucher', 'qader_construction_account_voucher', 'qader_construction_contract', 'qader_construction_dashboard', 'qader_construction_invoice_report', 'qader_construction_report', 'qader_contact_move_line_report', 'qader_create_job_cost_sheet', 'qader_job_order_equipment', 'qader_project_block', 'qader_purchase_report', 'qader_report', 'qader_sales_report', 'qader_stock_report', 'qbg_partner_type', 'rcs_list_sticky_header', 'report_sign', 'report_xlsx', 'stock_analytic', 'stock_direct_operation_account', 'stock_move_actual_date', 'stock_no_negative', 'stock_picking_analytic', 'stock_picking_create_purchase_order', 'stock_picking_procure_method', 'syn_disable_quick_create', 'web_theme', 'web_timeline'] 
2026-04-07 19:00:20,406 37 INFO ? odoo.modules.loading: Modules loaded. 
2026-04-07 19:00:20,409 37 INFO ? odoo.modules.registry: Registry loaded in 0.534s 
2026-04-07 19:00:20,409 37 INFO const_copy odoo.addons.base.models.ir_http: Generating routing map for key None 
2026-04-07 19:00:20,463 37 INFO ? odoo.addons.bus.models.bus: Bus.loop listen imbus on db postgres 
2026-04-07 19:00:58,761 39 INFO const_copy odoo.modules.loading: loading 1 modules... 
2026-04-07 19:00:58,766 39 INFO const_copy odoo.modules.loading: 1 modules loaded in 0.00s, 0 queries (+0 extra) 
2026-04-07 19:00:58,769 39 WARNING const_copy odoo.modules.graph: module stock_picking_procure_method: not installable, skipped 
2026-04-07 19:00:58,769 39 WARNING const_copy odoo.modules.graph: module om_account_budget: not installable, skipped 
2026-04-07 19:00:58,769 39 WARNING const_copy odoo.modules.graph: module account_analytic_parent: not installable, skipped 
2026-04-07 19:00:58,769 39 WARNING const_copy odoo.modules.graph: module odoo_dynamic_dashboard: not installable, skipped 
2026-04-07 19:00:58,769 39 WARNING const_copy odoo.modules.graph: module rcs_list_sticky_header: not installable, skipped 
2026-04-07 19:00:58,769 39 WARNING const_copy odoo.modules.graph: module partner_link_account_move_line: not installable, skipped 
2026-04-07 19:00:58,770 39 WARNING const_copy odoo.modules.graph: module report_xlsx: not installable, skipped 
2026-04-07 19:00:58,770 39 WARNING const_copy odoo.modules.graph: module dynamic_cashflow_statement: not installable, skipped 
2026-04-07 19:00:58,770 39 WARNING const_copy odoo.modules.graph: module base_view_inheritance_extension: not installable, skipped 
2026-04-07 19:00:58,770 39 WARNING const_copy odoo.modules.graph: module stock_no_negative: not installable, skipped 
2026-04-07 19:00:58,770 39 WARNING const_copy odoo.modules.graph: module date_range: not installable, skipped 
2026-04-07 19:00:58,770 39 WARNING const_copy odoo.modules.graph: module base_account_budget: not installable, skipped 
2026-04-07 19:00:58,770 39 WARNING const_copy odoo.modules.graph: module stock_direct_operation_account: not installable, skipped 
2026-04-07 19:00:58,770 39 WARNING const_copy odoo.modules.graph: module account_in_payment: not installable, skipped 
2026-04-07 19:00:58,770 39 WARNING const_copy odoo.modules.graph: module account_reconcile_oca: not installable, skipped 
2026-04-07 19:00:58,770 39 WARNING const_copy odoo.modules.graph: module report_sign: not installable, skipped 
2026-04-07 19:00:58,770 39 WARNING const_copy odoo.modules.graph: module qbg_partner_type: not installable, skipped 
2026-04-07 19:00:58,770 39 WARNING const_copy odoo.modules.graph: module account_statement_base: not installable, skipped 
2026-04-07 19:00:58,770 39 WARNING const_copy odoo.modules.graph: module asset_extension: not installable, skipped 
2026-04-07 19:00:58,770 39 WARNING const_copy odoo.modules.graph: module account_reconcile_model_oca: not installable, skipped 
2026-04-07 19:00:58,770 39 WARNING const_copy odoo.modules.graph: module account_mass_reconcile: not installable, skipped 
2026-04-07 19:00:58,770 39 WARNING const_copy odoo.modules.graph: module account_financial_report: not installable, skipped 
2026-04-07 19:00:58,770 39 WARNING const_copy odoo.modules.graph: module job_cost_estimate_customer: not installable, skipped 
2026-04-07 19:00:58,770 39 WARNING const_copy odoo.modules.graph: module asset_mro_maintenance_management: not installable, skipped 
2026-04-07 19:00:58,770 39 WARNING const_copy odoo.modules.graph: module job_work_order_expense: not installable, skipped 
2026-04-07 19:00:58,770 39 WARNING const_copy odoo.modules.graph: module asset_management: not installable, skipped 
2026-04-07 19:00:58,770 39 WARNING const_copy odoo.modules.graph: module om_account_asset: not installable, skipped 
2026-04-07 19:00:58,770 39 WARNING const_copy odoo.modules.graph: module account_analytic_tag: not installable, skipped 
2026-04-07 19:00:58,770 39 WARNING const_copy odoo.modules.graph: module account_hierarchy_tree: not installable, skipped 
2026-04-07 19:00:58,771 39 WARNING const_copy odoo.modules.graph: module om_recurring_payments: not installable, skipped 
2026-04-07 19:00:58,771 39 WARNING const_copy odoo.modules.graph: module asset_man_odoo_asset_integ: not installable, skipped 
2026-04-07 19:00:58,771 39 WARNING const_copy odoo.modules.graph: module nati_arabic_font: not installable, skipped 
2026-04-07 19:00:58,771 39 WARNING const_copy odoo.modules.graph: module purchase_location_by_line: not installable, skipped 
2026-04-07 19:00:58,771 39 WARNING const_copy odoo.modules.graph: module om_account_followup: not installable, skipped 
2026-04-07 19:00:58,771 39 WARNING const_copy odoo.modules.graph: module stock_picking_analytic: not installable, skipped 
2026-04-07 19:00:58,771 39 WARNING const_copy odoo.modules.graph: module purchase_delivery_split_date: not installable, skipped 
2026-04-07 19:00:58,771 39 WARNING const_copy odoo.modules.graph: module stock_analytic: not installable, skipped 
2026-04-07 19:00:58,771 39 WARNING const_copy odoo.modules.graph: module material_purchase_requisitions: not installable, skipped 
2026-04-07 19:00:58,771 39 WARNING const_copy odoo.modules.graph: module job_costing_budget_contracting: not installable, skipped 
2026-04-07 19:00:58,771 39 WARNING const_copy odoo.modules.graph: module job_costing_profit_loss: not installable, skipped 
2026-04-07 19:00:58,771 39 WARNING const_copy odoo.modules.graph: module dms: not installable, skipped 
2026-04-07 19:00:58,771 39 WARNING const_copy odoo.modules.graph: module qader_construction_dashboard: not installable, skipped 
2026-04-07 19:00:58,771 39 WARNING const_copy odoo.modules.graph: module job_order_material_requisition: not installable, skipped 
2026-04-07 19:00:58,772 39 WARNING const_copy odoo.modules.graph: module job_order_link_cost_sheet: not installable, skipped 
2026-04-07 19:00:58,772 39 WARNING const_copy odoo.modules.graph: module job_order_material_consumption: not installable, skipped 
2026-04-07 19:00:58,772 39 WARNING const_copy odoo.modules.graph: module stock_picking_create_purchase_order: not installable, skipped 
2026-04-07 19:00:58,772 39 WARNING const_copy odoo.modules.graph: module qader_job_order_equipment: not installable, skipped 
2026-04-07 19:00:58,772 39 WARNING const_copy odoo.modules.graph: module auto_database_backup: not installable, skipped 
2026-04-07 19:00:58,772 39 WARNING const_copy odoo.modules.graph: module qader_report: not installable, skipped 
2026-04-07 19:00:58,772 39 WARNING const_copy odoo.modules.graph: module web_timeline: not installable, skipped 
2026-04-07 19:00:58,772 39 WARNING const_copy odoo.modules.graph: module project_timeline: not installable, skipped 
2026-04-07 19:00:58,772 39 WARNING const_copy odoo.modules.graph: module account_cash_management: not installable, skipped 
2026-04-07 19:00:58,773 39 WARNING const_copy odoo.modules.graph: module construction_bi: not installable, skipped 
2026-04-07 19:00:58,773 39 WARNING const_copy odoo.modules.graph: module job_costing_dashboard: not installable, skipped 
2026-04-07 19:00:58,773 39 WARNING const_copy odoo.modules.graph: module construction_maintenance_equipment: not installable, skipped 
2026-04-07 19:00:58,773 39 WARNING const_copy odoo.modules.graph: module qader_contact_move_line_report: not installable, skipped 
2026-04-07 19:00:58,773 39 WARNING const_copy odoo.modules.graph: module qader_account_voucher: not installable, skipped 
2026-04-07 19:00:58,773 39 WARNING const_copy odoo.modules.graph: module qader_construction_account_voucher: not installable, skipped 
2026-04-07 19:00:58,773 39 WARNING const_copy odoo.modules.graph: module stock_move_actual_date: not installable, skipped 
2026-04-07 19:00:58,773 39 WARNING const_copy odoo.modules.graph: module odoo_job_costing_management: not installable, skipped 
2026-04-07 19:00:58,774 39 WARNING const_copy odoo.modules.graph: module job_costing_cost_actual: not installable, skipped 
2026-04-07 19:00:58,774 39 WARNING const_copy odoo.modules.graph: module job_equipments_maintenance_request: not installable, skipped 
2026-04-07 19:00:58,774 39 WARNING const_copy odoo.modules.graph: module job_inspection: not installable, skipped 
2026-04-07 19:00:58,774 39 WARNING const_copy odoo.modules.graph: module material_requisition_cost_sheet: not installable, skipped 
2026-04-07 19:00:58,774 39 WARNING const_copy odoo.modules.graph: module job_costing_volumn_trend: not installable, skipped 
2026-04-07 19:00:58,774 39 WARNING const_copy odoo.modules.graph: module access_rights_manager_custom: not installable, skipped 
2026-04-07 19:00:58,774 39 WARNING const_copy odoo.modules.graph: module qader_construction_report: not installable, skipped 
2026-04-07 19:00:58,775 39 WARNING const_copy odoo.modules.graph: module po_into_task: not installable, skipped 
2026-04-07 19:00:58,775 39 WARNING const_copy odoo.modules.graph: module qader_stock_report: not installable, skipped 
2026-04-07 19:00:58,776 39 WARNING const_copy odoo.modules.graph: module contract_schedule: not installable, skipped 
2026-04-07 19:00:58,776 39 WARNING const_copy odoo.modules.graph: module syn_disable_quick_create: not installable, skipped 
2026-04-07 19:00:58,777 39 WARNING const_copy odoo.modules.graph: module qader_construction_invoice_report: not installable, skipped 
2026-04-07 19:00:58,777 39 WARNING const_copy odoo.modules.graph: module om_account_accountant: not installable, skipped 
2026-04-07 19:00:58,777 39 WARNING const_copy odoo.modules.graph: module web_theme: not installable, skipped 
2026-04-07 19:00:58,779 39 WARNING const_copy odoo.modules.graph: module qader_construction_contract: not installable, skipped 
2026-04-07 19:00:58,784 39 WARNING const_copy odoo.modules.graph: module accounting_pdf_reports: not installable, skipped 
2026-04-07 19:00:58,789 39 WARNING const_copy odoo.modules.graph: module qad_l10n_ye: not installable, skipped 
2026-04-07 19:00:58,790 39 WARNING const_copy odoo.modules.graph: module qader_account_report: not installable, skipped 
2026-04-07 19:00:58,790 39 WARNING const_copy odoo.modules.graph: module qader_create_job_cost_sheet: not installable, skipped 
2026-04-07 19:00:58,790 39 WARNING const_copy odoo.modules.graph: module om_fiscal_year: not installable, skipped 
2026-04-07 19:00:58,790 39 WARNING const_copy odoo.modules.graph: module om_account_daily_reports: not installable, skipped 
2026-04-07 19:00:58,790 39 WARNING const_copy odoo.modules.graph: module qader_purchase_report: not installable, skipped 
2026-04-07 19:00:58,790 39 WARNING const_copy odoo.modules.graph: module qader_sales_report: not installable, skipped 
2026-04-07 19:00:58,791 39 WARNING const_copy odoo.modules.graph: module qader_project_block: not installable, skipped 
2026-04-07 19:00:58,792 39 WARNING const_copy odoo.modules.graph: module partner_daily_payment: not installable, skipped 
2026-04-07 19:00:58,793 39 INFO const_copy odoo.modules.loading: loading 121 modules... 
2026-04-07 19:00:59,151 39 INFO const_copy odoo.modules.loading: 121 modules loaded in 0.36s, 0 queries (+0 extra) 
2026-04-07 19:00:59,242 39 ERROR const_copy odoo.modules.loading: Some modules are not loaded, some dependencies or manifest may be missing: ['access_rights_manager_custom', 'account_analytic_parent', 'account_analytic_tag', 'account_cash_management', 'account_financial_report', 'account_hierarchy_tree', 'account_in_payment', 'account_mass_reconcile', 'account_reconcile_model_oca', 'account_reconcile_oca', 'account_statement_base', 'accounting_pdf_reports', 'asset_extension', 'asset_man_odoo_asset_integ', 'asset_management', 'asset_mro_maintenance_management', 'auto_database_backup', 'base_account_budget', 'base_view_inheritance_extension', 'construction_bi', 'construction_maintenance_equipment', 'contract_schedule', 'date_range', 'dms', 'dynamic_cashflow_statement', 'job_cost_estimate_customer', 'job_costing_budget_contracting', 'job_costing_cost_actual', 'job_costing_dashboard', 'job_costing_profit_loss', 'job_costing_volumn_trend', 'job_equipments_maintenance_request', 'job_inspection', 'job_order_link_cost_sheet', 'job_order_material_consumption', 'job_order_material_requisition', 'job_work_order_expense', 'material_purchase_requisitions', 'material_requisition_cost_sheet', 'nati_arabic_font', 'odoo_dynamic_dashboard', 'odoo_job_costing_management', 'om_account_accountant', 'om_account_asset', 'om_account_budget', 'om_account_daily_reports', 'om_account_followup', 'om_fiscal_year', 'om_recurring_payments', 'partner_daily_payment', 'partner_link_account_move_line', 'po_into_task', 'project_timeline', 'purchase_delivery_split_date', 'purchase_location_by_line', 'qad_l10n_ye', 'qader_account_report', 'qader_account_voucher', 'qader_construction_account_voucher', 'qader_construction_contract', 'qader_construction_dashboard', 'qader_construction_invoice_report', 'qader_construction_report', 'qader_contact_move_line_report', 'qader_create_job_cost_sheet', 'qader_job_order_equipment', 'qader_project_block', 'qader_purchase_report', 'qader_report', 'qader_sales_report', 'qader_stock_report', 'qbg_partner_type', 'rcs_list_sticky_header', 'report_sign', 'report_xlsx', 'stock_analytic', 'stock_direct_operation_account', 'stock_move_actual_date', 'stock_no_negative', 'stock_picking_analytic', 'stock_picking_create_purchase_order', 'stock_picking_procure_method', 'syn_disable_quick_create', 'web_theme', 'web_timeline'] 
2026-04-07 19:00:59,242 39 INFO const_copy odoo.modules.loading: Modules loaded. 
2026-04-07 19:00:59,245 39 INFO const_copy odoo.modules.registry: Registry loaded in 0.493s 
2026-04-07 19:00:59,257 39 INFO const_copy odoo.addons.base.models.ir_cron: Starting job `Mail: Email Queue Manager`. 
2026-04-07 19:00:59,260 39 INFO const_copy odoo.addons.base.models.ir_cron: Job done: `Mail: Email Queue Manager` (0.003s). 
2026-04-07 19:00:59,275 39 INFO const_copy odoo.addons.base.models.ir_cron: Starting job `Notification: Send scheduled message notifications`. 
2026-04-07 19:00:59,276 39 INFO const_copy odoo.addons.base.models.ir_cron: Job done: `Notification: Send scheduled message notifications` (0.002s). 
2026-04-07 19:01:00,491 36 INFO const_copy werkzeug: 172.16.31.134 - - [07/Apr/2026 19:01:00] "POST /web/action/load HTTP/1.1" 200 - 9 0.003 0.004
2026-04-07 19:01:00,547 31 INFO const_copy werkzeug: 172.16.31.134 - - [07/Apr/2026 19:01:00] "POST /web/dataset/call_kw/ir.module.module/get_views HTTP/1.1" 200 - 52 0.011 0.017
2026-04-07 19:01:00,573 34 INFO const_copy werkzeug: 172.16.31.134 - - [07/Apr/2026 19:01:00] "POST /web/dataset/call_kw/ir.module.module/search_panel_select_range HTTP/1.1" 200 - 6 0.001 0.004
2026-04-07 19:01:00,587 32 INFO const_copy werkzeug: 172.16.31.134 - - [07/Apr/2026 19:01:00] "POST /web/dataset/call_kw/ir.module.module/search_panel_select_range HTTP/1.1" 200 - 56 0.009 0.011
2026-04-07 19:01:00,597 36 INFO const_copy werkzeug: 172.16.31.134 - - [07/Apr/2026 19:01:00] "POST /web/dataset/call_kw/ir.module.module/web_search_read HTTP/1.1" 200 - 5 0.003 0.023
2026-04-07 19:01:00,849 34 INFO ? werkzeug: 172.16.31.134 - - [07/Apr/2026 19:01:00] "GET /sale_management/static/description/icon.png HTTP/1.1" 200 - 0 0.000 0.001
2026-04-07 19:01:00,850 34 INFO ? werkzeug: 172.16.31.134 - - [07/Apr/2026 19:01:00] "GET /pos_restaurant/static/description/icon.png HTTP/1.1" 200 - 0 0.000 0.000
2026-04-07 19:01:00,852 36 INFO const_copy werkzeug: 172.16.31.134 - - [07/Apr/2026 19:01:00] "GET /om_account_accountant/static/description/icon.png HTTP/1.1" 303 - 4 0.001 0.003
2026-04-07 19:01:00,854 34 INFO const_copy werkzeug: 172.16.31.134 - - [07/Apr/2026 19:01:00] "GET /petty_cash/static/description/icon.png HTTP/1.1" 303 - 4 0.001 0.002
2026-04-07 19:01:00,854 36 INFO ? werkzeug: 172.16.31.134 - - [07/Apr/2026 19:01:00] "GET /account/static/description/icon.png HTTP/1.1" 200 - 0 0.000 0.000
2026-04-07 19:01:00,856 36 INFO ? werkzeug: 172.16.31.134 - - [07/Apr/2026 19:01:00] "GET /crm/static/description/icon.png HTTP/1.1" 200 - 0 0.000 0.000
2026-04-07 19:01:00,857 31 INFO ? werkzeug: 172.16.31.134 - - [07/Apr/2026 19:01:00] "GET /base/static/img/icons/mrp_workorder.png HTTP/1.1" 200 - 0 0.000 0.001
2026-04-07 19:01:00,858 34 INFO const_copy werkzeug: 172.16.31.134 - - [07/Apr/2026 19:01:00] "GET /pdm/static/description/icon.png HTTP/1.1" 303 - 4 0.000 0.002
2026-04-07 19:01:00,866 36 INFO ? werkzeug: 172.16.31.134 - - [07/Apr/2026 19:01:00] "GET /website/static/description/icon.png HTTP/1.1" 200 - 0 0.000 0.000
2026-04-07 19:01:00,868 36 INFO ? werkzeug: 172.16.31.134 - - [07/Apr/2026 19:01:00] "GET /stock/static/description/icon.png HTTP/1.1" 200 - 0 0.000 0.000
2026-04-07 19:01:00,868 34 INFO ? werkzeug: 172.16.31.134 - - [07/Apr/2026 19:01:00] "GET /base/static/img/icons/account_accountant.png HTTP/1.1" 200 - 0 0.000 0.000
2026-04-07 19:01:00,886 36 INFO ? werkzeug: 172.16.31.134 - - [07/Apr/2026 19:01:00] "GET /base/static/img/icons/knowledge.png HTTP/1.1" 200 - 0 0.000 0.000
2026-04-07 19:01:00,886 31 INFO ? werkzeug: 172.16.31.134 - - [07/Apr/2026 19:01:00] "GET /purchase/static/description/icon.png HTTP/1.1" 200 - 0 0.000 0.001
2026-04-07 19:01:00,886 34 INFO ? werkzeug: 172.16.31.134 - - [07/Apr/2026 19:01:00] "GET /point_of_sale/static/description/icon.png HTTP/1.1" 200 - 0 0.000 0.000
2026-04-07 19:01:00,902 34 INFO ? werkzeug: 172.16.31.134 - - [07/Apr/2026 19:01:00] "GET /project/static/description/icon.png HTTP/1.1" 200 - 0 0.000 0.001
2026-04-07 19:01:00,902 36 INFO ? werkzeug: 172.16.31.134 - - [07/Apr/2026 19:01:00] "GET /mrp/static/description/icon.png HTTP/1.1" 200 - 0 0.000 0.000
2026-04-07 19:01:00,902 31 INFO ? werkzeug: 172.16.31.134 - - [07/Apr/2026 19:01:00] "GET /website_sale/static/description/icon.png HTTP/1.1" 200 - 0 0.000 0.000
2026-04-07 19:01:00,905 36 INFO ? werkzeug: 172.16.31.134 - - [07/Apr/2026 19:01:00] "GET /mass_mailing/static/description/icon.png HTTP/1.1" 200 - 0 0.000 0.000
2026-04-07 19:01:00,905 34 INFO ? werkzeug: 172.16.31.134 - - [07/Apr/2026 19:01:00] "GET /hr/static/description/icon.png HTTP/1.1" 200 - 0 0.000 0.000
2026-04-07 19:01:00,908 31 INFO const_copy werkzeug: 172.16.31.134 - - [07/Apr/2026 19:01:00] "GET /account_financial_report/static/description/icon.png HTTP/1.1" 303 - 4 0.001 0.002
2026-04-07 19:01:00,909 34 INFO ? werkzeug: 172.16.31.134 - - [07/Apr/2026 19:01:00] "GET /hr_expense/static/description/icon.png HTTP/1.1" 200 - 0 0.000 0.000
2026-04-07 19:01:00,909 31 INFO ? werkzeug: 172.16.31.134 - - [07/Apr/2026 19:01:00] "GET /base/static/img/icons/web_studio.png HTTP/1.1" 200 - 0 0.000 0.000
2026-04-07 19:01:00,911 36 INFO const_copy werkzeug: 172.16.31.134 - - [07/Apr/2026 19:01:00] "GET /advanced_dynamic_dashboard/static/description/icon.png HTTP/1.1" 303 - 4 0.000 0.002
2026-04-07 19:01:00,914 36 INFO ? werkzeug: 172.16.31.134 - - [07/Apr/2026 19:01:00] "GET /hr_recruitment/static/description/icon.png HTTP/1.1" 200 - 0 0.000 0.000
2026-04-07 19:01:00,915 34 INFO ? werkzeug: 172.16.31.134 - - [07/Apr/2026 19:01:00] "GET /base/static/img/icons/timesheet_grid.png HTTP/1.1" 200 - 0 0.000 0.000
2026-04-07 19:01:00,918 31 INFO ? werkzeug: 172.16.31.134 - - [07/Apr/2026 19:01:00] "GET /base/static/img/icons/industry_fsm.png HTTP/1.1" 200 - 0 0.000 0.000
2026-04-07 19:01:00,927 36 INFO ? werkzeug: 172.16.31.134 - - [07/Apr/2026 19:01:00] "GET /hr_holidays/static/description/icon.png HTTP/1.1" 200 - 0 0.000 0.000
2026-04-07 19:01:00,929 34 INFO const_copy werkzeug: 172.16.31.134 - - [07/Apr/2026 19:01:00] "GET /static/description/icon.svg HTTP/1.1" 303 - 4 0.001 0.002
2026-04-07 19:01:00,936 31 INFO const_copy werkzeug: 172.16.31.134 - - [07/Apr/2026 19:01:00] "GET /en/om_account_accountant/static/description/icon.png HTTP/1.1" 404 - 9 0.002 0.006
2026-04-07 19:01:00,936 32 INFO const_copy werkzeug: 172.16.31.134 - - [07/Apr/2026 19:01:00] "GET /en/petty_cash/static/description/icon.png HTTP/1.1" 404 - 9 0.002 0.007
2026-04-07 19:01:00,936 36 INFO const_copy werkzeug: 172.16.31.134 - - [07/Apr/2026 19:01:00] "GET /en/pdm/static/description/icon.png HTTP/1.1" 404 - 9 0.001 0.006
2026-04-07 19:01:00,938 34 INFO const_copy werkzeug: 172.16.31.134 - - [07/Apr/2026 19:01:00] "GET /en/account_financial_report/static/description/icon.png HTTP/1.1" 404 - 9 0.001 0.006
2026-04-07 19:01:00,943 31 INFO const_copy werkzeug: 172.16.31.134 - - [07/Apr/2026 19:01:00] "GET /en/advanced_dynamic_dashboard/static/description/icon.png HTTP/1.1" 404 - 9 0.001 0.006
2026-04-07 19:01:00,955 31 INFO const_copy werkzeug: 172.16.31.134 - - [07/Apr/2026 19:01:00] "GET /en/static/description/icon.svg HTTP/1.1" 404 - 9 0.001 0.005
2026-04-07 19:01:00,961 32 INFO const_copy werkzeug: 172.16.31.134 - - [07/Apr/2026 19:01:00] "GET /advanced_property_management/static/description/icon.png HTTP/1.1" 303 - 4 0.000 0.002
2026-04-07 19:01:00,962 34 INFO const_copy werkzeug: 172.16.31.134 - - [07/Apr/2026 19:01:00] "GET /asset_management/static/description/icon.png HTTP/1.1" 303 - 4 0.000 0.002
2026-04-07 19:01:00,962 31 INFO const_copy werkzeug: 172.16.31.134 - - [07/Apr/2026 19:01:00] "GET /asset_risk/static/description/icon.png HTTP/1.1" 303 - 4 0.001 0.002
2026-04-07 19:01:00,962 36 INFO const_copy werkzeug: 172.16.31.134 - - [07/Apr/2026 19:01:00] "GET /base_accounting_kit/static/description/icon.png HTTP/1.1" 303 - 4 0.000 0.002
2026-04-07 19:01:00,963 36 INFO ? werkzeug: 172.16.31.134 - - [07/Apr/2026 19:01:00] "GET /data_recycle/static/description/icon.png HTTP/1.1" 200 - 0 0.000 0.001
2026-04-07 19:01:00,964 32 INFO const_copy werkzeug: 172.16.31.134 - - [07/Apr/2026 19:01:00] "GET /biometric_attendance/static/description/icon.png HTTP/1.1" 303 - 4 0.000 0.002
2026-04-07 19:01:00,976 36 INFO const_copy werkzeug: 172.16.31.134 - - [07/Apr/2026 19:01:00] "GET /en/advanced_property_management/static/description/icon.png HTTP/1.1" 404 - 9 0.001 0.006
2026-04-07 19:01:00,976 32 INFO const_copy werkzeug: 172.16.31.134 - - [07/Apr/2026 19:01:00] "GET /en/asset_management/static/description/icon.png HTTP/1.1" 404 - 9 0.001 0.006
2026-04-07 19:01:00,977 34 INFO const_copy werkzeug: 172.16.31.134 - - [07/Apr/2026 19:01:00] "GET /en/asset_risk/static/description/icon.png HTTP/1.1" 404 - 9 0.001 0.006
2026-04-07 19:01:00,978 31 INFO const_copy werkzeug: 172.16.31.134 - - [07/Apr/2026 19:01:00] "GET /en/base_accounting_kit/static/description/icon.png HTTP/1.1" 404 - 9 0.001 0.006
2026-04-07 19:01:00,979 32 INFO const_copy werkzeug: 172.16.31.134 - - [07/Apr/2026 19:01:00] "GET /deltatech_property/static/description/icon.png HTTP/1.1" 303 - 4 0.001 0.002
2026-04-07 19:01:00,985 36 INFO const_copy werkzeug: 172.16.31.134 - - [07/Apr/2026 19:01:00] "GET /en/biometric_attendance/static/description/icon.png HTTP/1.1" 404 - 9 0.002 0.006
2026-04-07 19:01:00,996 32 INFO const_copy werkzeug: 172.16.31.134 - - [07/Apr/2026 19:01:00] "GET /dms/static/description/icon.png HTTP/1.1" 303 - 4 0.001 0.002
2026-04-07 19:01:00,996 36 INFO const_copy werkzeug: 172.16.31.134 - - [07/Apr/2026 19:01:00] "GET /deltatech_service_base/static/description/icon.png HTTP/1.1" 303 - 4 0.001 0.002
2026-04-07 19:01:00,996 34 INFO const_copy werkzeug: 172.16.31.134 - - [07/Apr/2026 19:01:00] "GET /document_knowledge/static/description/icon.png HTTP/1.1" 303 - 4 0.001 0.002
2026-04-07 19:01:00,997 31 INFO const_copy werkzeug: 172.16.31.134 - - [07/Apr/2026 19:01:00] "GET /fleet_car_workshop/static/description/icon.png HTTP/1.1" 303 - 4 0.000 0.002
2026-04-07 19:01:00,999 36 INFO const_copy werkzeug: 172.16.31.134 - - [07/Apr/2026 19:01:00] "GET /fleet_operations/static/description/icon.png HTTP/1.1" 303 - 4 0.001 0.002
2026-04-07 19:01:01,003 32 INFO const_copy werkzeug: 172.16.31.134 - - [07/Apr/2026 19:01:01] "GET /en/deltatech_property/static/description/icon.png HTTP/1.1" 404 - 9 0.001 0.006
2026-04-07 19:01:01,011 31 INFO const_copy werkzeug: 172.16.31.134 - - [07/Apr/2026 19:01:01] "GET /en/deltatech_service_base/static/description/icon.png HTTP/1.1" 404 - 9 0.001 0.006
2026-04-07 19:01:01,011 36 INFO const_copy werkzeug: 172.16.31.134 - - [07/Apr/2026 19:01:01] "GET /en/dms/static/description/icon.png HTTP/1.1" 404 - 9 0.002 0.006
2026-04-07 19:01:01,011 32 INFO const_copy werkzeug: 172.16.31.134 - - [07/Apr/2026 19:01:01] "GET /en/fleet_car_workshop/static/description/icon.png HTTP/1.1" 404 - 9 0.002 0.006
2026-04-07 19:01:01,012 34 INFO const_copy werkzeug: 172.16.31.134 - - [07/Apr/2026 19:01:01] "GET /en/fleet_operations/static/description/icon.png HTTP/1.1" 404 - 9 0.002 0.006
2026-04-07 19:01:01,015 36 INFO const_copy werkzeug: 172.16.31.134 - - [07/Apr/2026 19:01:01] "GET /fleet_rent/static/description/icon.png HTTP/1.1" 303 - 4 0.001 0.002
2026-04-07 19:01:01,018 31 INFO const_copy werkzeug: 172.16.31.134 - - [07/Apr/2026 19:01:01] "GET /en/document_knowledge/static/description/icon.png HTTP/1.1" 404 - 9 0.001 0.006
2026-04-07 19:01:01,029 36 INFO ? werkzeug: 172.16.31.134 - - [07/Apr/2026 19:01:01] "GET /base/static/description/icon.png HTTP/1.1" 200 - 0 0.000 0.001
2026-04-07 19:01:01,030 32 INFO ? werkzeug: 172.16.31.134 - - [07/Apr/2026 19:01:01] "GET /maintenance/static/description/icon.png HTTP/1.1" 200 - 0 0.000 0.001
2026-04-07 19:01:01,032 31 INFO const_copy werkzeug: 172.16.31.134 - - [07/Apr/2026 19:01:01] "GET /mgmt_base/static/description/icon.png HTTP/1.1" 303 - 4 0.001 0.002
2026-04-07 19:01:01,032 34 INFO const_copy werkzeug: 172.16.31.134 - - [07/Apr/2026 19:01:01] "GET /odoo_dynamic_dashboard/static/description/icon.png HTTP/1.1" 303 - 4 0.000 0.002
2026-04-07 19:01:01,032 36 INFO const_copy werkzeug: 172.16.31.134 - - [07/Apr/2026 19:01:01] "GET /qader_account_voucher/static/description/icon.png HTTP/1.1" 303 - 4 0.000 0.002
2026-04-07 19:01:01,038 32 INFO const_copy werkzeug: 172.16.31.134 - - [07/Apr/2026 19:01:01] "GET /en/fleet_rent/static/description/icon.png HTTP/1.1" 404 - 9 0.002 0.006
2026-04-07 19:01:01,039 36 INFO const_copy werkzeug: 172.16.31.134 - - [07/Apr/2026 19:01:01] "GET /qader_biometric_attendance/static/description/icon.png HTTP/1.1" 303 - 4 0.000 0.002
2026-04-07 19:01:01,040 34 INFO const_copy werkzeug: 172.16.31.134 - - [07/Apr/2026 19:01:01] "GET /qader_construction_contract/static/description/icon.png HTTP/1.1" 303 - 4 0.000 0.002
2026-04-07 19:01:01,045 31 INFO const_copy werkzeug: 172.16.31.134 - - [07/Apr/2026 19:01:01] "GET /en/mgmt_base/static/description/icon.png HTTP/1.1" 404 - 9 0.002 0.006
2026-04-07 19:01:01,045 32 INFO const_copy werkzeug: 172.16.31.134 - - [07/Apr/2026 19:01:01] "GET /en/qader_account_voucher/static/description/icon.png HTTP/1.1" 404 - 9 0.002 0.006
2026-04-07 19:01:01,047 36 INFO const_copy werkzeug: 172.16.31.134 - - [07/Apr/2026 19:01:01] "GET /en/odoo_dynamic_dashboard/static/description/icon.png HTTP/1.1" 404 - 9 0.001 0.006
2026-04-07 19:01:01,048 32 INFO const_copy werkzeug: 172.16.31.134 - - [07/Apr/2026 19:01:01] "GET /qader_report/static/description/icon.png HTTP/1.1" 303 - 4 0.001 0.002
2026-04-07 19:01:01,063 32 INFO const_copy werkzeug: 172.16.31.134 - - [07/Apr/2026 19:01:01] "GET /report_sign/static/description/icon.png HTTP/1.1" 303 - 4 0.001 0.002
2026-04-07 19:01:01,063 36 INFO const_copy werkzeug: 172.16.31.134 - - [07/Apr/2026 19:01:01] "GET /sales_target_planning/static/description/icon.png HTTP/1.1" 303 - 4 0.000 0.002
2026-04-07 19:01:01,065 32 INFO const_copy werkzeug: 172.16.31.134 - - [07/Apr/2026 19:01:01] "GET /subscription_package/static/description/icon.png HTTP/1.1" 303 - 4 0.001 0.002
2026-04-07 19:01:01,068 31 INFO const_copy werkzeug: 172.16.31.134 - - [07/Apr/2026 19:01:01] "GET /en/qader_construction_contract/static/description/icon.png HTTP/1.1" 404 - 9 0.002 0.006
2026-04-07 19:01:01,069 34 INFO const_copy werkzeug: 172.16.31.134 - - [07/Apr/2026 19:01:01] "GET /en/qader_biometric_attendance/static/description/icon.png HTTP/1.1" 404 - 9 0.002 0.006
2026-04-07 19:01:01,071 36 INFO const_copy werkzeug: 172.16.31.134 - - [07/Apr/2026 19:01:01] "GET /en/qader_report/static/description/icon.png HTTP/1.1" 404 - 9 0.001 0.006
2026-04-07 19:01:01,076 32 INFO const_copy werkzeug: 172.16.31.134 - - [07/Apr/2026 19:01:01] "GET /en/report_sign/static/description/icon.png HTTP/1.1" 404 - 9 0.002 0.006
2026-04-07 19:01:01,077 34 INFO const_copy werkzeug: 172.16.31.134 - - [07/Apr/2026 19:01:01] "GET /en/sales_target_planning/static/description/icon.png HTTP/1.1" 404 - 9 0.002 0.006
2026-04-07 19:01:01,078 31 INFO const_copy werkzeug: 172.16.31.134 - - [07/Apr/2026 19:01:01] "GET /en/subscription_package/static/description/icon.png HTTP/1.1" 404 - 9 0.001 0.006
2026-04-07 19:01:01,081 32 INFO ? werkzeug: 172.16.31.134 - - [07/Apr/2026 19:01:01] "GET /base/static/img/icons/sign.png HTTP/1.1" 200 - 0 0.000 0.001
2026-04-07 19:01:01,081 31 INFO const_copy werkzeug: 172.16.31.134 - - [07/Apr/2026 19:01:01] "GET /synconics_bi_dashboard/static/description/icon.png HTTP/1.1" 303 - 4 0.000 0.002
2026-04-07 19:01:01,083 36 INFO const_copy werkzeug: 172.16.31.134 - - [07/Apr/2026 19:01:01] "GET /user_session_management/static/description/icon.png HTTP/1.1" 303 - 4 0.000 0.002
2026-04-07 19:01:01,091 36 INFO ? werkzeug: 172.16.31.134 - - [07/Apr/2026 19:01:01] "GET /base/static/img/icons/sale_subscription.png HTTP/1.1" 200 - 0 0.000 0.001
2026-04-07 19:01:01,091 31 INFO ? werkzeug: 172.16.31.134 - - [07/Apr/2026 19:01:01] "GET /base/static/img/icons/helpdesk.png HTTP/1.1" 200 - 0 0.000 0.001
2026-04-07 19:01:01,092 32 INFO ? werkzeug: 172.16.31.134 - - [07/Apr/2026 19:01:01] "GET /base/static/img/icons/quality_control.png HTTP/1.1" 200 - 0 0.000 0.001
2026-04-07 19:01:01,092 36 INFO ? werkzeug: 172.16.31.134 - - [07/Apr/2026 19:01:01] "GET /website_slides/static/description/icon.png HTTP/1.1" 200 - 0 0.000 0.000
2026-04-07 19:01:01,099 31 INFO const_copy werkzeug: 172.16.31.134 - - [07/Apr/2026 19:01:01] "GET /en/user_session_management/static/description/icon.png HTTP/1.1" 404 - 9 0.001 0.006
2026-04-07 19:01:01,099 34 INFO const_copy werkzeug: 172.16.31.134 - - [07/Apr/2026 19:01:01] "GET /en/synconics_bi_dashboard/static/description/icon.png HTTP/1.1" 404 - 9 0.002 0.006
2026-04-07 19:01:01,108 32 INFO ? werkzeug: 172.16.31.134 - - [07/Apr/2026 19:01:01] "GET /base/static/img/icons/planning.png HTTP/1.1" 200 - 0 0.000 0.001
2026-04-07 19:01:01,108 31 INFO ? werkzeug: 172.16.31.134 - - [07/Apr/2026 19:01:01] "GET /website_event/static/description/icon.png HTTP/1.1" 200 - 0 0.000 0.001
2026-04-07 19:01:01,108 36 INFO ? werkzeug: 172.16.31.134 - - [07/Apr/2026 19:01:01] "GET /mail/static/description/icon.png HTTP/1.1" 200 - 0 0.000 0.001
2026-04-07 19:01:01,109 31 INFO ? werkzeug: 172.16.31.134 - - [07/Apr/2026 19:01:01] "GET /calendar/static/description/icon.png HTTP/1.1" 200 - 0 0.000 0.000
2026-04-07 19:01:01,109 32 INFO ? werkzeug: 172.16.31.134 - - [07/Apr/2026 19:01:01] "GET /contacts/static/description/icon.png HTTP/1.1" 200 - 0 0.000 0.001
2026-04-07 19:01:01,110 34 INFO ? werkzeug: 172.16.31.134 - - [07/Apr/2026 19:01:01] "GET /base/static/img/icons/mrp_plm.png HTTP/1.1" 200 - 0 0.000 0.001
2026-04-07 19:01:09,686 32 INFO const_copy werkzeug: 172.16.31.134 - - [07/Apr/2026 19:01:09] "POST /web/dataset/call_kw/ir.module.module/web_search_read HTTP/1.1" 200 - 4 0.002 0.013
2026-04-07 19:01:09,687 36 INFO const_copy werkzeug: 172.16.31.134 - - [07/Apr/2026 19:01:09] "POST /web/dataset/call_kw/ir.module.module/search_panel_select_range HTTP/1.1" 200 - 55 0.009 0.008
2026-04-07 19:01:09,815 31 INFO const_copy werkzeug: 172.16.31.134 - - [07/Apr/2026 19:01:09] "GET /om_account_accountant/static/description/icon.png HTTP/1.1" 303 - 4 0.001 0.003
2026-04-07 19:01:09,816 32 INFO const_copy werkzeug: 172.16.31.134 - - [07/Apr/2026 19:01:09] "GET /petty_cash/static/description/icon.png HTTP/1.1" 303 - 4 0.001 0.002
2026-04-07 19:01:09,817 36 INFO const_copy werkzeug: 172.16.31.134 - - [07/Apr/2026 19:01:09] "GET /account_financial_report/static/description/icon.png HTTP/1.1" 303 - 4 0.001 0.002
2026-04-07 19:01:09,817 34 INFO const_copy werkzeug: 172.16.31.134 - - [07/Apr/2026 19:01:09] "GET /pdm/static/description/icon.png HTTP/1.1" 303 - 3 0.001 0.003
2026-04-07 19:01:09,818 32 INFO const_copy werkzeug: 172.16.31.134 - - [07/Apr/2026 19:01:09] "GET /advanced_dynamic_dashboard/static/description/icon.png HTTP/1.1" 303 - 4 0.000 0.002
2026-04-07 19:01:09,819 31 INFO const_copy werkzeug: 172.16.31.134 - - [07/Apr/2026 19:01:09] "GET /static/description/icon.svg HTTP/1.1" 303 - 4 0.001 0.002
2026-04-07 19:01:09,839 32 INFO const_copy werkzeug: 172.16.31.134 - - [07/Apr/2026 19:01:09] "GET /en/om_account_accountant/static/description/icon.png HTTP/1.1" 404 - 9 0.002 0.006
2026-04-07 19:01:09,842 34 INFO const_copy werkzeug: 172.16.31.134 - - [07/Apr/2026 19:01:09] "GET /en/static/description/icon.svg HTTP/1.1" 404 - 9 0.001 0.007
2026-04-07 19:01:09,842 36 INFO const_copy werkzeug: 172.16.31.134 - - [07/Apr/2026 19:01:09] "GET /en/account_financial_report/static/description/icon.png HTTP/1.1" 404 - 9 0.002 0.006
2026-04-07 19:01:09,842 31 INFO const_copy werkzeug: 172.16.31.134 - - [07/Apr/2026 19:01:09] "GET /en/petty_cash/static/description/icon.png HTTP/1.1" 404 - 9 0.003 0.007
2026-04-07 19:01:09,846 36 INFO const_copy werkzeug: 172.16.31.134 - - [07/Apr/2026 19:01:09] "GET /advanced_property_management/static/description/icon.png HTTP/1.1" 303 - 4 0.000 0.002
2026-04-07 19:01:09,847 32 INFO const_copy werkzeug: 172.16.31.134 - - [07/Apr/2026 19:01:09] "GET /en/pdm/static/description/icon.png HTTP/1.1" 404 - 9 0.002 0.006
2026-04-07 19:01:09,850 34 INFO const_copy werkzeug: 172.16.31.134 - - [07/Apr/2026 19:01:09] "GET /en/advanced_dynamic_dashboard/static/description/icon.png HTTP/1.1" 404 - 9 0.001 0.006
2026-04-07 19:01:09,851 36 INFO const_copy werkzeug: 172.16.31.134 - - [07/Apr/2026 19:01:09] "GET /asset_risk/static/description/icon.png HTTP/1.1" 303 - 4 0.000 0.002
2026-04-07 19:01:09,852 32 INFO const_copy werkzeug: 172.16.31.134 - - [07/Apr/2026 19:01:09] "GET /asset_management/static/description/icon.png HTTP/1.1" 303 - 4 0.000 0.002
2026-04-07 19:01:09,853 31 INFO const_copy werkzeug: 172.16.31.134 - - [07/Apr/2026 19:01:09] "GET /base_accounting_kit/static/description/icon.png HTTP/1.1" 303 - 4 0.001 0.002
2026-04-07 19:01:09,858 32 INFO const_copy werkzeug: 172.16.31.134 - - [07/Apr/2026 19:01:09] "GET /biometric_attendance/static/description/icon.png HTTP/1.1" 303 - 3 0.000 0.002
2026-04-07 19:01:09,859 34 INFO const_copy werkzeug: 172.16.31.134 - - [07/Apr/2026 19:01:09] "GET /en/advanced_property_management/static/description/icon.png HTTP/1.1" 404 - 9 0.001 0.006
2026-04-07 19:01:09,860 36 INFO const_copy werkzeug: 172.16.31.134 - - [07/Apr/2026 19:01:09] "GET /deltatech_property/static/description/icon.png HTTP/1.1" 303 - 4 0.000 0.002
2026-04-07 19:01:09,866 34 INFO const_copy werkzeug: 172.16.31.134 - - [07/Apr/2026 19:01:09] "GET /en/base_accounting_kit/static/description/icon.png HTTP/1.1" 404 - 9 0.001 0.006
2026-04-07 19:01:09,866 32 INFO const_copy werkzeug: 172.16.31.134 - - [07/Apr/2026 19:01:09] "GET /en/asset_management/static/description/icon.png HTTP/1.1" 404 - 9 0.002 0.006
2026-04-07 19:01:09,868 31 INFO const_copy werkzeug: 172.16.31.134 - - [07/Apr/2026 19:01:09] "GET /en/asset_risk/static/description/icon.png HTTP/1.1" 404 - 9 0.002 0.008
2026-04-07 19:01:09,868 34 INFO const_copy werkzeug: 172.16.31.134 - - [07/Apr/2026 19:01:09] "GET /deltatech_service_base/static/description/icon.png HTTP/1.1" 303 - 4 0.000 0.002
2026-04-07 19:01:09,872 36 INFO const_copy werkzeug: 172.16.31.134 - - [07/Apr/2026 19:01:09] "GET /en/biometric_attendance/static/description/icon.png HTTP/1.1" 404 - 9 0.001 0.006
2026-04-07 19:01:09,874 32 INFO const_copy werkzeug: 172.16.31.134 - - [07/Apr/2026 19:01:09] "GET /en/deltatech_property/static/description/icon.png HTTP/1.1" 404 - 9 0.002 0.006
2026-04-07 19:01:09,882 32 INFO const_copy werkzeug: 172.16.31.134 - - [07/Apr/2026 19:01:09] "GET /dms/static/description/icon.png HTTP/1.1" 303 - 3 0.000 0.002
2026-04-07 19:01:09,883 34 INFO const_copy werkzeug: 172.16.31.134 - - [07/Apr/2026 19:01:09] "GET /fleet_car_workshop/static/description/icon.png HTTP/1.1" 303 - 4 0.000 0.002
2026-04-07 19:01:09,884 36 INFO const_copy werkzeug: 172.16.31.134 - - [07/Apr/2026 19:01:09] "GET /fleet_rent/static/description/icon.png HTTP/1.1" 303 - 3 0.000 0.002
2026-04-07 19:01:09,884 31 INFO const_copy werkzeug: 172.16.31.134 - - [07/Apr/2026 19:01:09] "GET /document_knowledge/static/description/icon.png HTTP/1.1" 303 - 4 0.001 0.002
2026-04-07 19:01:09,884 32 INFO const_copy werkzeug: 172.16.31.134 - - [07/Apr/2026 19:01:09] "GET /fleet_operations/static/description/icon.png HTTP/1.1" 303 - 4 0.001 0.002
2026-04-07 19:01:09,891 34 INFO const_copy werkzeug: 172.16.31.134 - - [07/Apr/2026 19:01:09] "GET /en/deltatech_service_base/static/description/icon.png HTTP/1.1" 404 - 9 0.001 0.006
2026-04-07 19:01:09,891 36 INFO const_copy werkzeug: 172.16.31.134 - - [07/Apr/2026 19:01:09] "GET /en/dms/static/description/icon.png HTTP/1.1" 404 - 9 0.001 0.006
2026-04-07 19:01:09,895 31 INFO const_copy werkzeug: 172.16.31.134 - - [07/Apr/2026 19:01:09] "GET /en/fleet_car_workshop/static/description/icon.png HTTP/1.1" 404 - 9 0.002 0.006
2026-04-07 19:01:09,895 32 INFO const_copy werkzeug: 172.16.31.134 - - [07/Apr/2026 19:01:09] "GET /en/fleet_rent/static/description/icon.png HTTP/1.1" 404 - 9 0.001 0.006
2026-04-07 19:01:09,898 34 INFO const_copy werkzeug: 172.16.31.134 - - [07/Apr/2026 19:01:09] "GET /en/document_knowledge/static/description/icon.png HTTP/1.1" 404 - 9 0.001 0.006
2026-04-07 19:01:09,899 32 INFO const_copy werkzeug: 172.16.31.134 - - [07/Apr/2026 19:01:09] "GET /mgmt_base/static/description/icon.png HTTP/1.1" 303 - 4 0.000 0.002
2026-04-07 19:01:09,899 36 INFO const_copy werkzeug: 172.16.31.134 - - [07/Apr/2026 19:01:09] "GET /en/fleet_operations/static/description/icon.png HTTP/1.1" 404 - 9 0.001 0.006
2026-04-07 19:01:09,899 31 INFO const_copy werkzeug: 172.16.31.134 - - [07/Apr/2026 19:01:09] "GET /odoo_dynamic_dashboard/static/description/icon.png HTTP/1.1" 303 - 4 0.001 0.002
2026-04-07 19:01:09,904 31 INFO const_copy werkzeug: 172.16.31.134 - - [07/Apr/2026 19:01:09] "GET /qader_biometric_attendance/static/description/icon.png HTTP/1.1" 303 - 4 0.001 0.002
2026-04-07 19:01:09,904 34 INFO const_copy werkzeug: 172.16.31.134 - - [07/Apr/2026 19:01:09] "GET /qader_account_voucher/static/description/icon.png HTTP/1.1" 303 - 4 0.001 0.002
2026-04-07 19:01:09,907 32 INFO const_copy werkzeug: 172.16.31.134 - - [07/Apr/2026 19:01:09] "GET /qader_report/static/description/icon.png HTTP/1.1" 303 - 3 0.000 0.002
2026-04-07 19:01:09,907 34 INFO const_copy werkzeug: 172.16.31.134 - - [07/Apr/2026 19:01:09] "GET /qader_construction_contract/static/description/icon.png HTTP/1.1" 303 - 3 0.000 0.002
2026-04-07 19:01:09,912 31 INFO const_copy werkzeug: 172.16.31.134 - - [07/Apr/2026 19:01:09] "GET /en/mgmt_base/static/description/icon.png HTTP/1.1" 404 - 9 0.002 0.006
2026-04-07 19:01:09,912 36 INFO const_copy werkzeug: 172.16.31.134 - - [07/Apr/2026 19:01:09] "GET /en/odoo_dynamic_dashboard/static/description/icon.png HTTP/1.1" 404 - 9 0.001 0.006
2026-04-07 19:01:09,919 32 INFO const_copy werkzeug: 172.16.31.134 - - [07/Apr/2026 19:01:09] "GET /en/qader_account_voucher/static/description/icon.png HTTP/1.1" 404 - 9 0.001 0.006
2026-04-07 19:01:09,919 34 INFO const_copy werkzeug: 172.16.31.134 - - [07/Apr/2026 19:01:09] "GET /en/qader_biometric_attendance/static/description/icon.png HTTP/1.1" 404 - 9 0.002 0.006
2026-04-07 19:01:09,920 36 INFO const_copy werkzeug: 172.16.31.134 - - [07/Apr/2026 19:01:09] "GET /en/qader_construction_contract/static/description/icon.png HTTP/1.1" 404 - 9 0.001 0.006
2026-04-07 19:01:09,920 31 INFO const_copy werkzeug: 172.16.31.134 - - [07/Apr/2026 19:01:09] "GET /en/qader_report/static/description/icon.png HTTP/1.1" 404 - 9 0.002 0.006
2026-04-07 19:01:09,921 32 INFO const_copy werkzeug: 172.16.31.134 - - [07/Apr/2026 19:01:09] "GET /report_sign/static/description/icon.png HTTP/1.1" 303 - 3 0.000 0.002
2026-04-07 19:01:09,922 34 INFO const_copy werkzeug: 172.16.31.134 - - [07/Apr/2026 19:01:09] "GET /sales_target_planning/static/description/icon.png HTTP/1.1" 303 - 4 0.001 0.002
2026-04-07 19:01:09,924 32 INFO const_copy werkzeug: 172.16.31.134 - - [07/Apr/2026 19:01:09] "GET /subscription_package/static/description/icon.png HTTP/1.1" 303 - 3 0.000 0.002
2026-04-07 19:01:09,929 32 INFO const_copy werkzeug: 172.16.31.134 - - [07/Apr/2026 19:01:09] "GET /user_session_management/static/description/icon.png HTTP/1.1" 303 - 4 0.000 0.002
2026-04-07 19:01:09,929 34 INFO const_copy werkzeug: 172.16.31.134 - - [07/Apr/2026 19:01:09] "GET /synconics_bi_dashboard/static/description/icon.png HTTP/1.1" 303 - 4 0.001 0.002
2026-04-07 19:01:09,936 31 INFO const_copy werkzeug: 172.16.31.134 - - [07/Apr/2026 19:01:09] "GET /en/report_sign/static/description/icon.png HTTP/1.1" 404 - 9 0.001 0.006
2026-04-07 19:01:09,937 36 INFO const_copy werkzeug: 172.16.31.134 - - [07/Apr/2026 19:01:09] "GET /en/subscription_package/static/description/icon.png HTTP/1.1" 404 - 9 0.001 0.006
2026-04-07 19:01:09,937 34 INFO const_copy werkzeug: 172.16.31.134 - - [07/Apr/2026 19:01:09] "GET /en/sales_target_planning/static/description/icon.png HTTP/1.1" 404 - 9 0.001 0.006
2026-04-07 19:01:09,939 32 INFO const_copy werkzeug: 172.16.31.134 - - [07/Apr/2026 19:01:09] "GET /en/user_session_management/static/description/icon.png HTTP/1.1" 404 - 9 0.001 0.006
2026-04-07 19:01:09,943 31 INFO const_copy werkzeug: 172.16.31.134 - - [07/Apr/2026 19:01:09] "GET /en/synconics_bi_dashboard/static/description/icon.png HTTP/1.1" 404 - 9 0.001 0.006
2026-04-07 19:01:11,851 34 INFO ? werkzeug: 172.16.31.134 - - [07/Apr/2026 19:01:11] "GET /base/static/img/icons/social.png HTTP/1.1" 200 - 0 0.000 0.001
2026-04-07 19:01:11,851 31 INFO ? werkzeug: 172.16.31.134 - - [07/Apr/2026 19:01:11] "GET /base/static/img/icons/hr_appraisal.png HTTP/1.1" 200 - 0 0.000 0.001
2026-04-07 19:01:11,851 32 INFO ? werkzeug: 172.16.31.134 - - [07/Apr/2026 19:01:11] "GET /base/static/img/icons/marketing_automation.png HTTP/1.1" 200 - 0 0.000 0.001
2026-04-07 19:01:11,851 36 INFO ? werkzeug: 172.16.31.134 - - [07/Apr/2026 19:01:11] "GET /fleet/static/description/icon.png HTTP/1.1" 200 - 0 0.000 0.001
2026-04-07 19:01:11,872 32 INFO ? werkzeug: 172.16.31.134 - - [07/Apr/2026 19:01:11] "GET /base/static/img/icons/appointment.png HTTP/1.1" 200 - 0 0.000 0.000
2026-04-07 19:01:11,872 34 INFO ? werkzeug: 172.16.31.134 - - [07/Apr/2026 19:01:11] "GET /im_livechat/static/description/icon.png HTTP/1.1" 200 - 0 0.000 0.001
2026-04-07 19:01:11,872 36 INFO ? werkzeug: 172.16.31.134 - - [07/Apr/2026 19:01:11] "GET /survey/static/description/icon.png HTTP/1.1" 200 - 0 0.000 0.000
2026-04-07 19:01:11,872 31 INFO ? werkzeug: 172.16.31.134 - - [07/Apr/2026 19:01:11] "GET /base/static/img/icons/web_mobile.png HTTP/1.1" 200 - 0 0.000 0.000
2026-04-07 19:01:11,899 34 INFO ? werkzeug: 172.16.31.134 - - [07/Apr/2026 19:01:11] "GET /repair/static/description/icon.png HTTP/1.1" 200 - 0 0.000 0.001
2026-04-07 19:01:11,899 31 INFO ? werkzeug: 172.16.31.134 - - [07/Apr/2026 19:01:11] "GET /hr_attendance/static/description/icon.png HTTP/1.1" 200 - 0 0.000 0.000
2026-04-07 19:01:11,899 36 INFO ? werkzeug: 172.16.31.134 - - [07/Apr/2026 19:01:11] "GET /mass_mailing_sms/static/description/icon.png HTTP/1.1" 200 - 0 0.000 0.000
2026-04-07 19:01:11,899 32 INFO ? werkzeug: 172.16.31.134 - - [07/Apr/2026 19:01:11] "GET /base/static/img/icons/stock_barcode.png HTTP/1.1" 200 - 0 0.000 0.001
2026-04-07 19:01:21,886 32 INFO const_copy werkzeug: 172.16.31.134 - - [07/Apr/2026 19:01:21] "GET /nati_arabic_font/static/src/fonts/Almarai/Almarai-BoldItalic.woff HTTP/1.1" 303 - 3 0.001 0.002
2026-04-07 19:01:21,900 31 INFO const_copy werkzeug: 172.16.31.134 - - [07/Apr/2026 19:01:21] "GET /en/nati_arabic_font/static/src/fonts/Almarai/Almarai-BoldItalic.woff HTTP/1.1" 404 - 9 0.002 0.006
2026-04-07 19:01:21,910 31 INFO const_copy werkzeug: 172.16.31.134 - - [07/Apr/2026 19:01:21] "GET /nati_arabic_font/static/src/fonts/Almarai/Almarai-BoldItalic.ttf HTTP/1.1" 303 - 4 0.001 0.002
2026-04-07 19:01:21,920 31 INFO const_copy werkzeug: 172.16.31.134 - - [07/Apr/2026 19:01:21] "GET /en/nati_arabic_font/static/src/fonts/Almarai/Almarai-BoldItalic.ttf HTTP/1.1" 404 - 9 0.001 0.005
2026-04-07 19:01:23,483 31 INFO const_copy werkzeug: 172.16.31.134 - - [07/Apr/2026 19:01:23] "POST /web/dataset/call_kw/ir.module.module/search_panel_select_range HTTP/1.1" 200 - 55 0.014 0.010
2026-04-07 19:01:23,506 32 INFO const_copy werkzeug: 172.16.31.134 - - [07/Apr/2026 19:01:23] "POST /web/dataset/call_kw/ir.module.module/web_search_read HTTP/1.1" 200 - 3 0.002 0.013
2026-04-07 19:01:23,563 36 INFO ? werkzeug: 172.16.31.134 - - [07/Apr/2026 19:01:23] "GET /hr_timesheet/static/description/icon.png HTTP/1.1" 200 - 0 0.000 0.001
2026-04-07 19:01:23,564 36 INFO ? werkzeug: 172.16.31.134 - - [07/Apr/2026 19:01:23] "GET /sale_timesheet/static/description/icon.png HTTP/1.1" 200 - 0 0.000 0.000
2026-04-07 19:01:23,566 32 INFO const_copy werkzeug: 172.16.31.134 - - [07/Apr/2026 19:01:23] "GET /synconics_bi_dashboard/static/description/icon.png HTTP/1.1" 303 - 4 0.001 0.003
2026-04-07 19:01:23,566 31 INFO const_copy werkzeug: 172.16.31.134 - - [07/Apr/2026 19:01:23] "GET /job_costing_cost_actual/static/description/icon.png HTTP/1.1" 303 - 4 0.001 0.003
2026-04-07 19:01:23,566 34 INFO const_copy werkzeug: 172.16.31.134 - - [07/Apr/2026 19:01:23] "GET /project_timeline/static/description/icon.png HTTP/1.1" 303 - 4 0.001 0.003
2026-04-07 19:01:23,567 36 INFO const_copy werkzeug: 172.16.31.134 - - [07/Apr/2026 19:01:23] "GET /web_timeline/static/description/icon.png HTTP/1.1" 303 - 4 0.001 0.002
2026-04-07 19:01:23,577 36 INFO const_copy werkzeug: 172.16.31.134 - - [07/Apr/2026 19:01:23] "GET /en/synconics_bi_dashboard/static/description/icon.png HTTP/1.1" 404 - 9 0.002 0.006
2026-04-07 19:01:23,579 31 INFO const_copy werkzeug: 172.16.31.134 - - [07/Apr/2026 19:01:23] "GET /en/job_costing_cost_actual/static/description/icon.png HTTP/1.1" 404 - 9 0.002 0.006
2026-04-07 19:01:23,579 34 INFO const_copy werkzeug: 172.16.31.134 - - [07/Apr/2026 19:01:23] "GET /en/project_timeline/static/description/icon.png HTTP/1.1" 404 - 9 0.001 0.006
2026-04-07 19:01:23,580 32 INFO const_copy werkzeug: 172.16.31.134 - - [07/Apr/2026 19:01:23] "GET /en/web_timeline/static/description/icon.png HTTP/1.1" 404 - 9 0.001 0.006
2026-04-07 19:02:08,462 39 INFO const_copy odoo.addons.base.models.ir_cron: Starting job `SMS: SMS Queue Manager`. 
2026-04-07 19:02:08,464 39 INFO const_copy odoo.addons.base.models.ir_cron: Job done: `SMS: SMS Queue Manager` (0.002s). 
2026-04-07 19:02:08,469 39 INFO const_copy odoo.addons.base.models.ir_cron: Starting job `Partner Autocomplete: Sync with remote DB`. 
2026-04-07 19:02:08,470 39 INFO const_copy odoo.addons.base.models.ir_cron: Job done: `Partner Autocomplete: Sync with remote DB` (0.001s). 
2026-04-07 19:02:08,474 39 INFO const_copy odoo.addons.base.models.ir_cron: Starting job `payment: post-process transactions`. 
2026-04-07 19:02:08,476 39 INFO const_copy odoo.addons.base.models.ir_cron: Job done: `payment: post-process transactions` (0.002s). 
2026-04-07 19:02:08,480 39 INFO const_copy odoo.addons.base.models.ir_cron: Starting job `Snailmail: process letters queue`. 
2026-04-07 19:02:08,482 39 INFO const_copy odoo.addons.base.models.ir_cron: Job done: `Snailmail: process letters queue` (0.001s). 
2026-04-07 19:04:06,351 36 INFO const_copy werkzeug: 172.16.31.134 - - [07/Apr/2026 19:04:06] "POST /web/action/load HTTP/1.1" 200 - 8 0.002 0.004
2026-04-07 19:04:06,756 36 INFO const_copy werkzeug: 172.16.31.134 - - [07/Apr/2026 19:04:06] "POST /web/dataset/call_kw/res.config.settings/get_views HTTP/1.1" 200 - 432 0.048 0.323
2026-04-07 19:04:06,798 36 INFO const_copy werkzeug: 172.16.31.134 - - [07/Apr/2026 19:04:06] "POST /web/dataset/call_kw/ir.module.module/web_search_read HTTP/1.1" 200 - 3 0.002 0.004
2026-04-07 19:04:06,877 34 INFO const_copy werkzeug: 172.16.31.134 - - [07/Apr/2026 19:04:06] "GET /project_timeline/static/description/icon.png HTTP/1.1" 303 - 3 0.000 0.002
2026-04-07 19:04:06,877 36 INFO const_copy werkzeug: 172.16.31.134 - - [07/Apr/2026 19:04:06] "GET /synconics_bi_dashboard/static/description/icon.png HTTP/1.1" 303 - 4 0.002 0.003
2026-04-07 19:04:06,877 32 INFO const_copy werkzeug: 172.16.31.134 - - [07/Apr/2026 19:04:06] "GET /job_costing_cost_actual/static/description/icon.png HTTP/1.1" 303 - 4 0.001 0.003
2026-04-07 19:04:06,878 31 INFO const_copy werkzeug: 172.16.31.134 - - [07/Apr/2026 19:04:06] "GET /web_timeline/static/description/icon.png HTTP/1.1" 303 - 4 0.001 0.003
2026-04-07 19:04:06,889 31 INFO const_copy werkzeug: 172.16.31.134 - - [07/Apr/2026 19:04:06] "GET /en/project_timeline/static/description/icon.png HTTP/1.1" 404 - 9 0.001 0.006
2026-04-07 19:04:06,891 34 INFO const_copy werkzeug: 172.16.31.134 - - [07/Apr/2026 19:04:06] "GET /en/job_costing_cost_actual/static/description/icon.png HTTP/1.1" 404 - 9 0.001 0.006
2026-04-07 19:04:06,892 32 INFO const_copy werkzeug: 172.16.31.134 - - [07/Apr/2026 19:04:06] "GET /en/web_timeline/static/description/icon.png HTTP/1.1" 404 - 9 0.002 0.006
2026-04-07 19:04:06,893 36 INFO const_copy werkzeug: 172.16.31.134 - - [07/Apr/2026 19:04:06] "GET /en/synconics_bi_dashboard/static/description/icon.png HTTP/1.1" 404 - 9 0.003 0.007
2026-04-07 19:04:15,239 36 INFO const_copy werkzeug: 172.16.31.134 - - [07/Apr/2026 19:04:15] "POST /web/dataset/call_kw/ir.module.module/web_search_read HTTP/1.1" 200 - 3 0.002 0.005
2026-04-07 19:04:15,292 36 INFO const_copy werkzeug: 172.16.31.134 - - [07/Apr/2026 19:04:15] "GET /synconics_bi_dashboard/static/description/icon.png HTTP/1.1" 303 - 3 0.001 0.003
2026-04-07 19:04:15,292 31 INFO const_copy werkzeug: 172.16.31.134 - - [07/Apr/2026 19:04:15] "GET /job_costing_cost_actual/static/description/icon.png HTTP/1.1" 303 - 3 0.001 0.003
2026-04-07 19:04:15,293 32 INFO const_copy werkzeug: 172.16.31.134 - - [07/Apr/2026 19:04:15] "GET /project_timeline/static/description/icon.png HTTP/1.1" 303 - 4 0.001 0.003
2026-04-07 19:04:15,293 34 INFO const_copy werkzeug: 172.16.31.134 - - [07/Apr/2026 19:04:15] "GET /web_timeline/static/description/icon.png HTTP/1.1" 303 - 4 0.001 0.003
2026-04-07 19:04:15,304 32 INFO const_copy werkzeug: 172.16.31.134 - - [07/Apr/2026 19:04:15] "GET /en/job_costing_cost_actual/static/description/icon.png HTTP/1.1" 404 - 9 0.001 0.006
2026-04-07 19:04:15,305 31 INFO const_copy werkzeug: 172.16.31.134 - - [07/Apr/2026 19:04:15] "GET /en/web_timeline/static/description/icon.png HTTP/1.1" 404 - 9 0.001 0.006
2026-04-07 19:04:15,305 34 INFO const_copy werkzeug: 172.16.31.134 - - [07/Apr/2026 19:04:15] "GET /en/synconics_bi_dashboard/static/description/icon.png HTTP/1.1" 404 - 9 0.002 0.006
2026-04-07 19:04:15,306 36 INFO const_copy werkzeug: 172.16.31.134 - - [07/Apr/2026 19:04:15] "GET /en/project_timeline/static/description/icon.png HTTP/1.1" 404 - 9 0.002 0.006
2026-04-07 19:05:37,533 36 INFO const_copy werkzeug: 172.16.31.134 - - [07/Apr/2026 19:05:37] "POST /web/action/load HTTP/1.1" 200 - 9 0.003 0.004
2026-04-07 19:05:37,575 34 ERROR const_copy odoo.http: Exception during request handling. 
Traceback (most recent call last):
  File "/usr/lib/python3/dist-packages/odoo/http.py", line 2410, in __call__
    response = request._serve_db()
  File "/usr/lib/python3/dist-packages/odoo/http.py", line 1985, in _serve_db
    return service_model.retrying(self._serve_ir_http, self.env)
  File "/usr/lib/python3/dist-packages/odoo/service/model.py", line 153, in retrying
    result = func()
  File "/usr/lib/python3/dist-packages/odoo/http.py", line 2013, in _serve_ir_http
    response = self.dispatcher.dispatch(rule.endpoint, args)
  File "/usr/lib/python3/dist-packages/odoo/http.py", line 2217, in dispatch
    result = self.request.registry['ir.http']._dispatch(endpoint)
  File "/usr/lib/python3/dist-packages/odoo/addons/base/models/ir_http.py", line 221, in _dispatch
    result = endpoint(**request.params)
  File "/usr/lib/python3/dist-packages/odoo/http.py", line 799, in route_wrapper
    result = endpoint(self, *args, **params_ok)
  File "/usr/lib/python3/dist-packages/odoo/addons/web/controllers/dataset.py", line 25, in call_kw
    return self._call_kw(model, method, args, kwargs)
  File "/usr/lib/python3/dist-packages/odoo/addons/web/controllers/dataset.py", line 19, in _call_kw
    Model = request.env[model]
  File "/usr/lib/python3/dist-packages/odoo/api.py", line 550, in __getitem__
    return self.registry[model_name](self, (), ())
  File "/usr/lib/python3/dist-packages/odoo/modules/registry.py", line 209, in __getitem__
    return self.models[model_name]
KeyError: 'construction.project.dashboard'
2026-04-07 19:05:37,575 34 INFO const_copy werkzeug: 172.16.31.134 - - [07/Apr/2026 19:05:37] "POST /web/dataset/call_kw/construction.project.dashboard/get_views HTTP/1.1" 200 - 1 0.000 0.011
2026-04-07 19:05:37,644 34 INFO const_copy werkzeug: 172.16.31.134 - - [07/Apr/2026 19:05:37] "POST /web/dataset/call_kw/ir.module.module/web_search_read HTTP/1.1" 200 - 4 0.002 0.004
2026-04-07 19:05:37,720 34 INFO const_copy werkzeug: 172.16.31.134 - - [07/Apr/2026 19:05:37] "GET /job_costing_cost_actual/static/description/icon.png HTTP/1.1" 303 - 4 0.001 0.003
2026-04-07 19:05:37,721 32 INFO const_copy werkzeug: 172.16.31.134 - - [07/Apr/2026 19:05:37] "GET /synconics_bi_dashboard/static/description/icon.png HTTP/1.1" 303 - 3 0.001 0.004
2026-04-07 19:05:37,723 36 INFO const_copy werkzeug: 172.16.31.134 - - [07/Apr/2026 19:05:37] "GET /web_timeline/static/description/icon.png HTTP/1.1" 303 - 3 0.001 0.002
2026-04-07 19:05:37,723 31 INFO const_copy werkzeug: 172.16.31.134 - - [07/Apr/2026 19:05:37] "GET /project_timeline/static/description/icon.png HTTP/1.1" 303 - 4 0.001 0.003
2026-04-07 19:05:37,732 31 INFO const_copy werkzeug: 172.16.31.134 - - [07/Apr/2026 19:05:37] "GET /en/job_costing_cost_actual/static/description/icon.png HTTP/1.1" 404 - 9 0.001 0.006
2026-04-07 19:05:37,738 32 INFO const_copy werkzeug: 172.16.31.134 - - [07/Apr/2026 19:05:37] "GET /en/synconics_bi_dashboard/static/description/icon.png HTTP/1.1" 404 - 9 0.002 0.006
2026-04-07 19:05:37,739 31 INFO const_copy werkzeug: 172.16.31.134 - - [07/Apr/2026 19:05:37] "GET /en/project_timeline/static/description/icon.png HTTP/1.1" 404 - 9 0.001 0.005
2026-04-07 19:05:37,739 34 INFO const_copy werkzeug: 172.16.31.134 - - [07/Apr/2026 19:05:37] "GET /en/web_timeline/static/description/icon.png HTTP/1.1" 404 - 9 0.002 0.006
2026-04-07 19:05:41,098 34 ERROR const_copy odoo.http: Exception during request handling. 
Traceback (most recent call last):
  File "/usr/lib/python3/dist-packages/odoo/http.py", line 2410, in __call__
    response = request._serve_db()
  File "/usr/lib/python3/dist-packages/odoo/http.py", line 1985, in _serve_db
    return service_model.retrying(self._serve_ir_http, self.env)
  File "/usr/lib/python3/dist-packages/odoo/service/model.py", line 153, in retrying
    result = func()
  File "/usr/lib/python3/dist-packages/odoo/http.py", line 2013, in _serve_ir_http
    response = self.dispatcher.dispatch(rule.endpoint, args)
  File "/usr/lib/python3/dist-packages/odoo/http.py", line 2217, in dispatch
    result = self.request.registry['ir.http']._dispatch(endpoint)
  File "/usr/lib/python3/dist-packages/odoo/addons/base/models/ir_http.py", line 221, in _dispatch
    result = endpoint(**request.params)
  File "/usr/lib/python3/dist-packages/odoo/http.py", line 799, in route_wrapper
    result = endpoint(self, *args, **params_ok)
  File "/usr/lib/python3/dist-packages/odoo/addons/web/controllers/dataset.py", line 25, in call_kw
    return self._call_kw(model, method, args, kwargs)
  File "/usr/lib/python3/dist-packages/odoo/addons/web/controllers/dataset.py", line 19, in _call_kw
    Model = request.env[model]
  File "/usr/lib/python3/dist-packages/odoo/api.py", line 550, in __getitem__
    return self.registry[model_name](self, (), ())
  File "/usr/lib/python3/dist-packages/odoo/modules/registry.py", line 209, in __getitem__
    return self.models[model_name]
KeyError: 'construction.project.dashboard'
2026-04-07 19:05:41,099 34 INFO const_copy werkzeug: 172.16.31.134 - - [07/Apr/2026 19:05:41] "POST /web/dataset/call_kw/construction.project.dashboard/get_views HTTP/1.1" 200 - 1 0.000 0.002
2026-04-07 19:05:41,114 32 INFO const_copy werkzeug: 172.16.31.134 - - [07/Apr/2026 19:05:41] "POST /web/dataset/call_kw/ir.module.module/web_search_read HTTP/1.1" 200 - 3 0.002 0.004
2026-04-07 19:05:41,159 32 INFO const_copy werkzeug: 172.16.31.134 - - [07/Apr/2026 19:05:41] "GET /job_costing_cost_actual/static/description/icon.png HTTP/1.1" 303 - 3 0.001 0.003
2026-04-07 19:05:41,159 34 INFO const_copy werkzeug: 172.16.31.134 - - [07/Apr/2026 19:05:41] "GET /web_timeline/static/description/icon.png HTTP/1.1" 303 - 3 0.001 0.003
2026-04-07 19:05:41,159 31 INFO const_copy werkzeug: 172.16.31.134 - - [07/Apr/2026 19:05:41] "GET /synconics_bi_dashboard/static/description/icon.png HTTP/1.1" 303 - 3 0.001 0.003
2026-04-07 19:05:41,160 36 INFO const_copy werkzeug: 172.16.31.134 - - [07/Apr/2026 19:05:41] "GET /project_timeline/static/description/icon.png HTTP/1.1" 303 - 4 0.001 0.003
2026-04-07 19:05:41,172 31 INFO const_copy werkzeug: 172.16.31.134 - - [07/Apr/2026 19:05:41] "GET /en/web_timeline/static/description/icon.png HTTP/1.1" 404 - 9 0.001 0.006
2026-04-07 19:05:41,173 36 INFO const_copy werkzeug: 172.16.31.134 - - [07/Apr/2026 19:05:41] "GET /en/synconics_bi_dashboard/static/description/icon.png HTTP/1.1" 404 - 9 0.001 0.007
2026-04-07 19:05:41,177 32 INFO const_copy werkzeug: 172.16.31.134 - - [07/Apr/2026 19:05:41] "GET /en/job_costing_cost_actual/static/description/icon.png HTTP/1.1" 404 - 9 0.003 0.008
2026-04-07 19:05:41,179 34 INFO const_copy werkzeug: 172.16.31.134 - - [07/Apr/2026 19:05:41] "GET /en/project_timeline/static/description/icon.png HTTP/1.1" 404 - 9 0.003 0.010
2026-04-07 19:05:53,890 31 INFO const_copy werkzeug: 172.16.31.134 - - [07/Apr/2026 19:05:53] "POST /web/action/load HTTP/1.1" 200 - 8 0.003 0.004
2026-04-07 19:05:53,917 31 ERROR const_copy odoo.http: Exception during request handling. 
Traceback (most recent call last):
  File "/usr/lib/python3/dist-packages/odoo/http.py", line 2410, in __call__
    response = request._serve_db()
  File "/usr/lib/python3/dist-packages/odoo/http.py", line 1985, in _serve_db
    return service_model.retrying(self._serve_ir_http, self.env)
  File "/usr/lib/python3/dist-packages/odoo/service/model.py", line 153, in retrying
    result = func()
  File "/usr/lib/python3/dist-packages/odoo/http.py", line 2013, in _serve_ir_http
    response = self.dispatcher.dispatch(rule.endpoint, args)
  File "/usr/lib/python3/dist-packages/odoo/http.py", line 2217, in dispatch
    result = self.request.registry['ir.http']._dispatch(endpoint)
  File "/usr/lib/python3/dist-packages/odoo/addons/base/models/ir_http.py", line 221, in _dispatch
    result = endpoint(**request.params)
  File "/usr/lib/python3/dist-packages/odoo/http.py", line 799, in route_wrapper
    result = endpoint(self, *args, **params_ok)
  File "/usr/lib/python3/dist-packages/odoo/addons/web/controllers/dataset.py", line 25, in call_kw
    return self._call_kw(model, method, args, kwargs)
  File "/usr/lib/python3/dist-packages/odoo/addons/web/controllers/dataset.py", line 19, in _call_kw
    Model = request.env[model]
  File "/usr/lib/python3/dist-packages/odoo/api.py", line 550, in __getitem__
    return self.registry[model_name](self, (), ())
  File "/usr/lib/python3/dist-packages/odoo/modules/registry.py", line 209, in __getitem__
    return self.models[model_name]
KeyError: 'sale.estimate.job'
2026-04-07 19:05:53,917 31 INFO const_copy werkzeug: 172.16.31.134 - - [07/Apr/2026 19:05:53] "POST /web/dataset/call_kw/sale.estimate.job/get_views HTTP/1.1" 200 - 1 0.000 0.002
2026-04-07 19:05:53,936 36 INFO const_copy werkzeug: 172.16.31.134 - - [07/Apr/2026 19:05:53] "POST /web/dataset/call_kw/ir.module.module/web_search_read HTTP/1.1" 200 - 3 0.004 0.005
2026-04-07 19:05:54,012 31 INFO const_copy werkzeug: 172.16.31.134 - - [07/Apr/2026 19:05:54] "GET /project_timeline/static/description/icon.png HTTP/1.1" 303 - 3 0.001 0.002
2026-04-07 19:05:54,012 34 INFO const_copy werkzeug: 172.16.31.134 - - [07/Apr/2026 19:05:54] "GET /web_timeline/static/description/icon.png HTTP/1.1" 303 - 3 0.001 0.002
2026-04-07 19:05:54,012 36 INFO const_copy werkzeug: 172.16.31.134 - - [07/Apr/2026 19:05:54] "GET /synconics_bi_dashboard/static/description/icon.png HTTP/1.1" 303 - 3 0.001 0.003
2026-04-07 19:05:54,012 32 INFO const_copy werkzeug: 172.16.31.134 - - [07/Apr/2026 19:05:54] "GET /job_costing_cost_actual/static/description/icon.png HTTP/1.1" 303 - 3 0.001 0.003
2026-04-07 19:05:54,027 31 INFO const_copy werkzeug: 172.16.31.134 - - [07/Apr/2026 19:05:54] "GET /en/job_costing_cost_actual/static/description/icon.png HTTP/1.1" 404 - 9 0.002 0.006
2026-04-07 19:05:54,027 34 INFO const_copy werkzeug: 172.16.31.134 - - [07/Apr/2026 19:05:54] "GET /en/synconics_bi_dashboard/static/description/icon.png HTTP/1.1" 404 - 9 0.002 0.006
2026-04-07 19:05:54,028 32 INFO const_copy werkzeug: 172.16.31.134 - - [07/Apr/2026 19:05:54] "GET /en/project_timeline/static/description/icon.png HTTP/1.1" 404 - 9 0.002 0.007
2026-04-07 19:05:54,028 36 INFO const_copy werkzeug: 172.16.31.134 - - [07/Apr/2026 19:05:54] "GET /en/web_timeline/static/description/icon.png HTTP/1.1" 404 - 9 0.003 0.007
2026-04-07 19:06:42,458 36 ERROR const_copy odoo.http: Exception during request handling. 
Traceback (most recent call last):
  File "/usr/lib/python3/dist-packages/odoo/http.py", line 2410, in __call__
    response = request._serve_db()
  File "/usr/lib/python3/dist-packages/odoo/http.py", line 1985, in _serve_db
    return service_model.retrying(self._serve_ir_http, self.env)
  File "/usr/lib/python3/dist-packages/odoo/service/model.py", line 153, in retrying
    result = func()
  File "/usr/lib/python3/dist-packages/odoo/http.py", line 2013, in _serve_ir_http
    response = self.dispatcher.dispatch(rule.endpoint, args)
  File "/usr/lib/python3/dist-packages/odoo/http.py", line 2217, in dispatch
    result = self.request.registry['ir.http']._dispatch(endpoint)
  File "/usr/lib/python3/dist-packages/odoo/addons/base/models/ir_http.py", line 221, in _dispatch
    result = endpoint(**request.params)
  File "/usr/lib/python3/dist-packages/odoo/http.py", line 799, in route_wrapper
    result = endpoint(self, *args, **params_ok)
  File "/usr/lib/python3/dist-packages/odoo/addons/web/controllers/dataset.py", line 25, in call_kw
    return self._call_kw(model, method, args, kwargs)
  File "/usr/lib/python3/dist-packages/odoo/addons/web/controllers/dataset.py", line 19, in _call_kw
    Model = request.env[model]
  File "/usr/lib/python3/dist-packages/odoo/api.py", line 550, in __getitem__
    return self.registry[model_name](self, (), ())
  File "/usr/lib/python3/dist-packages/odoo/modules/registry.py", line 209, in __getitem__
    return self.models[model_name]
KeyError: 'sale.estimate.job'
2026-04-07 19:06:42,458 36 INFO const_copy werkzeug: 172.16.31.134 - - [07/Apr/2026 19:06:42] "POST /web/dataset/call_kw/sale.estimate.job/get_views HTTP/1.1" 200 - 1 0.001 0.004
2026-04-07 19:06:42,477 36 INFO const_copy werkzeug: 172.16.31.134 - - [07/Apr/2026 19:06:42] "POST /web/dataset/call_kw/ir.module.module/web_search_read HTTP/1.1" 200 - 3 0.003 0.006
2026-04-07 19:06:42,541 31 INFO const_copy werkzeug: 172.16.31.134 - - [07/Apr/2026 19:06:42] "GET /web_timeline/static/description/icon.png HTTP/1.1" 303 - 3 0.001 0.003
2026-04-07 19:06:42,541 32 INFO const_copy werkzeug: 172.16.31.134 - - [07/Apr/2026 19:06:42] "GET /job_costing_cost_actual/static/description/icon.png HTTP/1.1" 303 - 3 0.001 0.003
2026-04-07 19:06:42,541 36 INFO const_copy werkzeug: 172.16.31.134 - - [07/Apr/2026 19:06:42] "GET /synconics_bi_dashboard/static/description/icon.png HTTP/1.1" 303 - 3 0.001 0.003
2026-04-07 19:06:42,541 34 INFO const_copy werkzeug: 172.16.31.134 - - [07/Apr/2026 19:06:42] "GET /project_timeline/static/description/icon.png HTTP/1.1" 303 - 3 0.002 0.003
2026-04-07 19:06:42,559 32 INFO const_copy werkzeug: 172.16.31.134 - - [07/Apr/2026 19:06:42] "GET /en/job_costing_cost_actual/static/description/icon.png HTTP/1.1" 404 - 9 0.002 0.007
2026-04-07 19:06:42,560 36 INFO const_copy werkzeug: 172.16.31.134 - - [07/Apr/2026 19:06:42] "GET /en/web_timeline/static/description/icon.png HTTP/1.1" 404 - 9 0.002 0.008
2026-04-07 19:06:42,574 36 INFO const_copy werkzeug: 172.16.31.134 - - [07/Apr/2026 19:06:42] "GET /en/synconics_bi_dashboard/static/description/icon.png HTTP/1.1" 404 - 9 0.002 0.006
2026-04-07 19:06:42,576 32 INFO const_copy werkzeug: 172.16.31.134 - - [07/Apr/2026 19:06:42] "GET /en/project_timeline/static/description/icon.png HTTP/1.1" 404 - 9 0.001 0.006
2026-04-07 19:06:50,360 36 INFO const_copy werkzeug: 172.16.31.134 - - [07/Apr/2026 19:06:50] "GET / HTTP/1.1" 303 - 2 0.001 0.003
2026-04-07 19:06:50,389 36 ERROR const_copy odoo.addons.base.models.ir_model: Missing model job.costing 
2026-04-07 19:06:50,390 36 ERROR const_copy odoo.addons.base.models.ir_model: Missing model job.costing.template 
2026-04-07 19:06:50,390 36 ERROR const_copy odoo.addons.base.models.ir_model: Missing model account.statement.total.wizard 
2026-04-07 19:06:50,390 36 ERROR const_copy odoo.addons.base.models.ir_model: Missing model followup.print 
2026-04-07 19:06:50,390 36 ERROR const_copy odoo.addons.base.models.ir_model: Missing model material.purchase.requisition 
2026-04-07 19:06:50,390 36 ERROR const_copy odoo.addons.base.models.ir_model: Missing model job.type 
2026-04-07 19:06:50,390 36 ERROR const_copy odoo.addons.base.models.ir_model: Missing model estimate.job.type 
2026-04-07 19:06:50,390 36 ERROR const_copy odoo.addons.base.models.ir_model: Missing model account.statement.total.wizard 
2026-04-07 19:06:50,391 36 ERROR const_copy odoo.addons.base.models.ir_model: Missing model consumption.type 
2026-04-07 19:06:50,391 36 ERROR const_copy odoo.addons.base.models.ir_model: Missing model account.statement.total.wizard 
2026-04-07 19:06:50,391 36 ERROR const_copy odoo.addons.base.models.ir_model: Missing model account.report.partner.ledger 
2026-04-07 19:06:50,391 36 ERROR const_copy odoo.addons.base.models.ir_model: Missing model accounting.report 
2026-04-07 19:06:50,391 36 ERROR const_copy odoo.addons.base.models.ir_model: Missing model account.budget.post 
2026-04-07 19:06:50,391 36 ERROR const_copy odoo.addons.base.models.ir_model: Missing model account.fiscal.year 
2026-04-07 19:06:50,391 36 ERROR const_copy odoo.addons.base.models.ir_model: Missing model dms.storage 
2026-04-07 19:06:50,391 36 ERROR const_copy odoo.addons.base.models.ir_model: Missing model account.budget.post 
2026-04-07 19:06:50,391 36 ERROR const_copy odoo.addons.base.models.ir_model: Missing model dashboard.block 
2026-04-07 19:06:50,391 36 ERROR const_copy odoo.addons.base.models.ir_model: Missing model accounting.report 
2026-04-07 19:06:50,391 36 ERROR const_copy odoo.addons.base.models.ir_model: Missing model account.asset.category 
2026-04-07 19:06:50,391 36 ERROR const_copy odoo.addons.base.models.ir_model: Missing model dms.file 
2026-04-07 19:06:50,392 36 ERROR const_copy odoo.addons.base.models.ir_model: Missing model sale.estimate.job 
2026-04-07 19:06:50,392 36 ERROR const_copy odoo.addons.base.models.ir_model: Missing model account.financial.report 
2026-04-07 19:06:50,392 36 ERROR const_copy odoo.addons.base.models.ir_model: Missing model account.report.general.ledger 
2026-04-07 19:06:50,392 36 ERROR const_copy odoo.addons.base.models.ir_model: Missing model account.aged.trial.balance 
2026-04-07 19:06:50,392 36 ERROR const_copy odoo.addons.base.models.ir_model: Missing model followup.followup 
2026-04-07 19:06:50,392 36 ERROR const_copy odoo.addons.base.models.ir_model: Missing model recurring.payment 
2026-04-07 19:06:50,392 36 ERROR const_copy odoo.addons.base.models.ir_model: Missing model account.daybook.report 
2026-04-07 19:06:50,392 36 ERROR const_copy odoo.addons.base.models.ir_model: Missing model account.cashbook.report 
2026-04-07 19:06:50,392 36 ERROR const_copy odoo.addons.base.models.ir_model: Missing model account.bankbook.report 
2026-04-07 19:06:50,393 36 ERROR const_copy odoo.addons.base.models.ir_model: Missing model dms.tag 
2026-04-07 19:06:50,393 36 ERROR const_copy odoo.addons.base.models.ir_model: Missing model dms.category 
2026-04-07 19:06:50,393 36 ERROR const_copy odoo.addons.base.models.ir_model: Missing model dms.access.group 
2026-04-07 19:06:50,393 36 ERROR const_copy odoo.addons.base.models.ir_model: Missing model material.purchase.requisition 
2026-04-07 19:06:50,393 36 ERROR const_copy odoo.addons.base.models.ir_model: Missing model equipment.checklist 
2026-04-07 19:06:50,393 36 ERROR const_copy odoo.addons.base.models.ir_model: Missing model equipment.checklist 
2026-04-07 19:06:50,393 36 ERROR const_copy odoo.addons.base.models.ir_model: Missing model crossovered.budget.lines 
2026-04-07 19:06:50,393 36 ERROR const_copy odoo.addons.base.models.ir_model: Missing model job.order.inspection 
2026-04-07 19:06:50,393 36 ERROR const_copy odoo.addons.base.models.ir_model: Missing model inspection.record 
2026-04-07 19:06:50,393 36 ERROR const_copy odoo.addons.base.models.ir_model: Missing model inspection.result 
2026-04-07 19:06:50,393 36 ERROR const_copy odoo.addons.base.models.ir_model: Missing model inspection.type 
2026-04-07 19:06:50,393 36 ERROR const_copy odoo.addons.base.models.ir_model: Missing model report.job.cost.volumn.trend 
2026-04-07 19:06:50,393 36 ERROR const_copy odoo.addons.base.models.ir_model: Missing model account.analytic.tag 
2026-04-07 19:06:50,393 36 ERROR const_copy odoo.addons.base.models.ir_model: Missing model account.account.reconcile 
2026-04-07 19:06:50,393 36 ERROR const_copy odoo.addons.base.models.ir_model: Missing model asset.management 
2026-04-07 19:06:50,393 36 ERROR const_copy odoo.addons.base.models.ir_model: Missing model asset.type 
2026-04-07 19:06:50,393 36 ERROR const_copy odoo.addons.base.models.ir_model: Missing model asset.management 
2026-04-07 19:06:50,393 36 ERROR const_copy odoo.addons.base.models.ir_model: Missing model report.job.cost.volumn.trend.line 
2026-04-07 19:06:50,393 36 ERROR const_copy odoo.addons.base.models.ir_model: Missing model qbg.account.voucher 
2026-04-07 19:06:50,393 36 ERROR const_copy odoo.addons.base.models.ir_model: Missing model cash.cash 
2026-04-07 19:06:50,393 36 ERROR const_copy odoo.addons.base.models.ir_model: Missing model date.range 
2026-04-07 19:06:50,393 36 ERROR const_copy odoo.addons.base.models.ir_model: Missing model date.range.type 
2026-04-07 19:06:50,393 36 ERROR const_copy odoo.addons.base.models.ir_model: Missing model date.range.generator 
2026-04-07 19:06:50,393 36 ERROR const_copy odoo.addons.base.models.ir_model: Missing model general.ledger.report.wizard 
2026-04-07 19:06:50,393 36 ERROR const_copy odoo.addons.base.models.ir_model: Missing model report.sign 
2026-04-07 19:06:50,393 36 ERROR const_copy odoo.addons.base.models.ir_model: Missing model purchase.order.report.wizard 
2026-04-07 19:06:50,394 36 ERROR const_copy odoo.addons.base.models.ir_model: Missing model account.statement.groupby.template 
2026-04-07 19:06:50,394 36 ERROR const_copy odoo.addons.base.models.ir_model: Missing model qader.report.settings 
2026-04-07 19:06:50,394 36 ERROR const_copy odoo.addons.base.models.ir_model: Missing model db.backup.configure 
2026-04-07 19:06:50,394 36 ERROR const_copy odoo.addons.base.models.ir_model: Missing model dashboard.menu 
2026-04-07 19:06:50,394 36 ERROR const_copy odoo.addons.base.models.ir_model: Missing model project.task.implemented.ratio 
2026-04-07 19:06:50,394 36 ERROR const_copy odoo.addons.base.models.ir_model: Missing model arm.menu.rule 
2026-04-07 19:06:50,394 36 ERROR const_copy odoo.addons.base.models.ir_model: Missing model purchase.order.report.wizard 
2026-04-07 19:06:50,394 36 ERROR const_copy odoo.addons.base.models.ir_model: Missing model sale.order.report.wizard 
2026-04-07 19:06:50,394 36 ERROR const_copy odoo.addons.base.models.ir_model: Missing model sale.order.report.wizard 
2026-04-07 19:06:50,394 36 ERROR const_copy odoo.addons.base.models.ir_model: Missing model sale.return.report.wizard 
2026-04-07 19:06:50,394 36 ERROR const_copy odoo.addons.base.models.ir_model: Missing model sale.return.report.wizard 
2026-04-07 19:06:50,394 36 ERROR const_copy odoo.addons.base.models.ir_model: Missing model project.block 
2026-04-07 19:06:50,394 36 ERROR const_copy odoo.addons.base.models.ir_model: Missing model project.block.line 
2026-04-07 19:06:50,394 36 ERROR const_copy odoo.addons.base.models.ir_model: Missing model report.planned.schedule 
2026-04-07 19:06:50,394 36 ERROR const_copy odoo.addons.base.models.ir_model: Missing model construction.project.dashboard 
2026-04-07 19:06:50,394 36 ERROR const_copy odoo.addons.base.models.ir_model: Missing model construction.submittal 
2026-04-07 19:06:50,394 36 ERROR const_copy odoo.addons.base.models.ir_model: Missing model journal.ledger.report.wizard 
2026-04-07 19:06:50,394 36 ERROR const_copy odoo.addons.base.models.ir_model: Missing model report.planned.schedule.until.today 
2026-04-07 19:06:50,394 36 ERROR const_copy odoo.addons.base.models.ir_model: Missing model account.balance.report 
2026-04-07 19:06:50,394 36 ERROR const_copy odoo.addons.base.models.ir_model: Missing model account.aged.trial.balance 
2026-04-07 19:06:50,395 36 ERROR const_copy odoo.addons.base.models.ir_model: Missing model crossovered.budget.lines 
2026-04-07 19:06:50,395 36 ERROR const_copy odoo.addons.base.models.ir_model: Missing model followup.stat 
2026-04-07 19:06:50,395 36 ERROR const_copy odoo.addons.base.models.ir_model: Missing model account.recurring.template 
2026-04-07 19:06:50,395 36 ERROR const_copy odoo.addons.base.models.ir_model: Missing model dms.file 
2026-04-07 19:06:50,395 36 ERROR const_copy odoo.addons.base.models.ir_model: Missing model qbg.partner.group 
2026-04-07 19:06:50,395 36 ERROR const_copy odoo.addons.base.models.ir_model: Missing model asset.vendor 
2026-04-07 19:06:50,395 36 ERROR const_copy odoo.addons.base.models.ir_model: Missing model asset.management 
2026-04-07 19:06:50,395 36 ERROR const_copy odoo.addons.base.models.ir_model: Missing model budget.lines 
2026-04-07 19:06:50,395 36 ERROR const_copy odoo.addons.base.models.ir_model: Missing model qbg.account.voucher 
2026-04-07 19:06:50,395 36 ERROR const_copy odoo.addons.base.models.ir_model: Missing model qader.customer.move.line.wizard 
2026-04-07 19:06:50,395 36 ERROR const_copy odoo.addons.base.models.ir_model: Missing model asset.type.integration 
2026-04-07 19:06:50,395 36 ERROR const_copy odoo.addons.base.models.ir_model: Missing model trial.balance.report.wizard 
2026-04-07 19:06:50,395 36 ERROR const_copy odoo.addons.base.models.ir_model: Missing model purchase.invoice.report.wizard 
2026-04-07 19:06:50,395 36 ERROR const_copy odoo.addons.base.models.ir_model: Missing model purchase.invoice.report.wizard 
2026-04-07 19:06:50,395 36 ERROR const_copy odoo.addons.base.models.ir_model: Missing model arm.field.rule 
2026-04-07 19:06:50,395 36 ERROR const_copy odoo.addons.base.models.ir_model: Missing model purchase.invoice.report.wizard 
2026-04-07 19:06:50,395 36 ERROR const_copy odoo.addons.base.models.ir_model: Missing model sale.invoice.report.wizard 
2026-04-07 19:06:50,395 36 ERROR const_copy odoo.addons.base.models.ir_model: Missing model sale.invoice.report.wizard 
2026-04-07 19:06:50,395 36 ERROR const_copy odoo.addons.base.models.ir_model: Missing model sale.invoice.report.wizard 
2026-04-07 19:06:50,395 36 ERROR const_copy odoo.addons.base.models.ir_model: Missing model sale.return.line.report.wizard 
2026-04-07 19:06:50,395 36 ERROR const_copy odoo.addons.base.models.ir_model: Missing model sale.return.line.report.wizard 
2026-04-07 19:06:50,395 36 ERROR const_copy odoo.addons.base.models.ir_model: Missing model report.actual.schedule 
2026-04-07 19:06:50,395 36 ERROR const_copy odoo.addons.base.models.ir_model: Missing model construction.variance.dashboard 
2026-04-07 19:06:50,395 36 ERROR const_copy odoo.addons.base.models.ir_model: Missing model construction.rfi 
2026-04-07 19:06:50,395 36 ERROR const_copy odoo.addons.base.models.ir_model: Missing model asset.asset.report 
2026-04-07 19:06:50,395 36 ERROR const_copy odoo.addons.base.models.ir_model: Missing model qader.customer.move.line.wizard 
2026-04-07 19:06:50,395 36 ERROR const_copy odoo.addons.base.models.ir_model: Missing model stock.in.report.wizard 
2026-04-07 19:06:50,395 36 ERROR const_copy odoo.addons.base.models.ir_model: Missing model stock.in.report.wizard 
2026-04-07 19:06:50,396 36 ERROR const_copy odoo.addons.base.models.ir_model: Missing model stock.out.report.wizard 
2026-04-07 19:06:50,396 36 ERROR const_copy odoo.addons.base.models.ir_model: Missing model stock.out.report.wizard 
2026-04-07 19:06:50,396 36 ERROR const_copy odoo.addons.base.models.ir_model: Missing model account.statement.total.wizard 
2026-04-07 19:06:50,396 36 ERROR const_copy odoo.addons.base.models.ir_model: Missing model stock.internal.report.wizard 
2026-04-07 19:06:50,396 36 ERROR const_copy odoo.addons.base.models.ir_model: Missing model stock.internal.report.wizard 
2026-04-07 19:06:50,396 36 ERROR const_copy odoo.addons.base.models.ir_model: Missing model asset.operations.view 
2026-04-07 19:06:50,396 36 ERROR const_copy odoo.addons.base.models.ir_model: Missing model report.earned.value 
2026-04-07 19:06:50,396 36 ERROR const_copy odoo.addons.base.models.ir_model: Missing model account.tax.report.wizard 
2026-04-07 19:06:50,396 36 ERROR const_copy odoo.addons.base.models.ir_model: Missing model account.aged.trial.balance 
2026-04-07 19:06:50,396 36 ERROR const_copy odoo.addons.base.models.ir_model: Missing model dms.directory 
2026-04-07 19:06:50,396 36 ERROR const_copy odoo.addons.base.models.ir_model: Missing model account.mass.reconcile 
2026-04-07 19:06:50,396 36 ERROR const_copy odoo.addons.base.models.ir_model: Missing model asset.transfer.entry 
2026-04-07 19:06:50,396 36 ERROR const_copy odoo.addons.base.models.ir_model: Missing model asset.management 
2026-04-07 19:06:50,396 36 ERROR const_copy odoo.addons.base.models.ir_model: Missing model qbg.account.voucher 
2026-04-07 19:06:50,396 36 ERROR const_copy odoo.addons.base.models.ir_model: Missing model open.items.report.wizard 
2026-04-07 19:06:50,396 36 ERROR const_copy odoo.addons.base.models.ir_model: Missing model qbg.beneficiary 
2026-04-07 19:06:50,396 36 ERROR const_copy odoo.addons.base.models.ir_model: Missing model purchase.order.line.report.wizard 
2026-04-07 19:06:50,396 36 ERROR const_copy odoo.addons.base.models.ir_model: Missing model arm.record.rule 
2026-04-07 19:06:50,396 36 ERROR const_copy odoo.addons.base.models.ir_model: Missing model purchase.order.line.report.wizard 
2026-04-07 19:06:50,396 36 ERROR const_copy odoo.addons.base.models.ir_model: Missing model sale.order.line.report.wizard 
2026-04-07 19:06:50,396 36 ERROR const_copy odoo.addons.base.models.ir_model: Missing model sale.order.line.report.wizard 
2026-04-07 19:06:50,396 36 ERROR const_copy odoo.addons.base.models.ir_model: Missing model import.planned.data.wizard 
2026-04-07 19:06:50,396 36 ERROR const_copy odoo.addons.base.models.ir_model: Missing model construction.risk.dashboard 
2026-04-07 19:06:50,396 36 ERROR const_copy odoo.addons.base.models.ir_model: Missing model construction.drawing 
2026-04-07 19:06:50,396 36 ERROR const_copy odoo.addons.base.models.ir_model: Missing model account.print.journal 
2026-04-07 19:06:50,396 36 ERROR const_copy odoo.addons.base.models.ir_model: Missing model asset.maintenance.entry 
2026-04-07 19:06:50,397 36 ERROR const_copy odoo.addons.base.models.ir_model: Missing model asset.transfer.entry 
2026-04-07 19:06:50,397 36 ERROR const_copy odoo.addons.base.models.ir_model: Missing model aged.partner.balance.report.wizard 
2026-04-07 19:06:50,397 36 ERROR const_copy odoo.addons.base.models.ir_model: Missing model account.move.line.invoice.report.wizard 
2026-04-07 19:06:50,397 36 ERROR const_copy odoo.addons.base.models.ir_model: Missing model account.move.line.invoice.report.wizard 
2026-04-07 19:06:50,397 36 ERROR const_copy odoo.addons.base.models.ir_model: Missing model arm.view.rule 
2026-04-07 19:06:50,397 36 ERROR const_copy odoo.addons.base.models.ir_model: Missing model account.move.line.invoice.report.wizard 
2026-04-07 19:06:50,397 36 ERROR const_copy odoo.addons.base.models.ir_model: Missing model account.move.line.invoice.report.wizard 
2026-04-07 19:06:50,397 36 ERROR const_copy odoo.addons.base.models.ir_model: Missing model account.move.line.invoice.report.wizard 
2026-04-07 19:06:50,397 36 ERROR const_copy odoo.addons.base.models.ir_model: Missing model account.move.line.invoice.report.wizard 
2026-04-07 19:06:50,397 36 ERROR const_copy odoo.addons.base.models.ir_model: Missing model stock.inventory.advanced.report.wizard 
2026-04-07 19:06:50,397 36 ERROR const_copy odoo.addons.base.models.ir_model: Missing model stock.inventory.advanced.report.wizard 
2026-04-07 19:06:50,397 36 ERROR const_copy odoo.addons.base.models.ir_model: Missing model construction.contractor.dashboard 
2026-04-07 19:06:50,397 36 ERROR const_copy odoo.addons.base.models.ir_model: Missing model inventory.stock.movement.report 
2026-04-07 19:06:50,397 36 ERROR const_copy odoo.addons.base.models.ir_model: Missing model inventory.stock.movement.report 
2026-04-07 19:06:50,397 36 ERROR const_copy odoo.addons.base.models.ir_model: Missing model stock.quant.report.wizard 
2026-04-07 19:06:50,397 36 ERROR const_copy odoo.addons.base.models.ir_model: Missing model stock.quant.report.wizard 
2026-04-07 19:06:50,397 36 ERROR const_copy odoo.addons.base.models.ir_model: Missing model dashboard.theme 
2026-04-07 19:06:50,397 36 ERROR const_copy odoo.addons.base.models.ir_model: Missing model asset.depreciation.entry 
2026-04-07 19:06:50,397 36 ERROR const_copy odoo.addons.base.models.ir_model: Missing model asset.maintenance.entry 
2026-04-07 19:06:50,397 36 ERROR const_copy odoo.addons.base.models.ir_model: Missing model cost.calculation.config 
2026-04-07 19:06:50,397 36 ERROR const_copy odoo.addons.base.models.ir_model: Missing model timesheet.structure 
2026-04-07 19:06:50,397 36 ERROR const_copy odoo.addons.base.models.ir_model: Missing model vat.report.wizard 
2026-04-07 19:06:50,397 36 ERROR const_copy odoo.addons.base.models.ir_model: Missing model account.voucher.report.wizard 
2026-04-07 19:06:50,397 36 ERROR const_copy odoo.addons.base.models.ir_model: Missing model account.voucher.report.wizard 
2026-04-07 19:06:50,397 36 ERROR const_copy odoo.addons.base.models.ir_model: Missing model account.voucher.line.report.wizard 
2026-04-07 19:06:50,397 36 ERROR const_copy odoo.addons.base.models.ir_model: Missing model account.voucher.line.report.wizard 
2026-04-07 19:06:50,397 36 ERROR const_copy odoo.addons.base.models.ir_model: Missing model account.voucher.line.report.wizard 
2026-04-07 19:06:50,397 36 ERROR const_copy odoo.addons.base.models.ir_model: Missing model account.voucher.line.report.wizard 
2026-04-07 19:06:50,398 36 ERROR const_copy odoo.addons.base.models.ir_model: Missing model account.voucher.report.wizard 
2026-04-07 19:06:50,398 36 ERROR const_copy odoo.addons.base.models.ir_model: Missing model account.voucher.report.wizard 
2026-04-07 19:06:50,398 36 ERROR const_copy odoo.addons.base.models.ir_model: Missing model construction.cashflow.dashboard 
2026-04-07 19:06:50,398 36 ERROR const_copy odoo.addons.base.models.ir_model: Missing model asset.type.integration 
2026-04-07 19:06:50,398 36 ERROR const_copy odoo.addons.base.models.ir_model: Missing model timesheet.structure.line 
2026-04-07 19:06:50,398 36 ERROR const_copy odoo.addons.base.models.ir_model: Missing model change.lock.date 
2026-04-07 19:06:50,398 36 ERROR const_copy odoo.addons.base.models.ir_model: Missing model crossovered.budget 
2026-04-07 19:06:50,398 36 ERROR const_copy odoo.addons.base.models.ir_model: Missing model asset.depreciation.entry 
2026-04-07 19:06:50,398 36 ERROR const_copy odoo.addons.base.models.ir_model: Missing model sales.order.cost.report 
2026-04-07 19:06:50,398 36 ERROR const_copy odoo.addons.base.models.ir_model: Missing model budget.budget 
2026-04-07 19:06:50,398 36 ERROR const_copy odoo.addons.base.models.ir_model: Missing model equipment.contract 
2026-04-07 19:06:50,398 36 ERROR const_copy odoo.addons.base.models.ir_model: Missing model construction.technical.dashboard 
2026-04-07 19:06:50,398 36 ERROR const_copy odoo.addons.base.models.ir_model: Missing model equipment.contract.line 
2026-04-07 19:06:50,398 36 ERROR const_copy odoo.addons.base.models.ir_model: Missing model equipment.contract 
2026-04-07 19:06:50,398 36 ERROR const_copy odoo.addons.base.models.ir_model: Missing model equipment.contract.line 
2026-04-07 19:06:50,398 36 ERROR const_copy odoo.addons.base.models.ir_model: Missing model equipment.contract.operation.package 
2026-04-07 19:06:50,398 36 ERROR const_copy odoo.addons.base.models.ir_model: Missing model timesheet.report.wizard 
2026-04-07 19:06:50,398 36 ERROR const_copy odoo.addons.base.models.ir_model: Missing model equipment.contract.operation 
2026-04-07 19:06:50,398 36 ERROR const_copy odoo.addons.base.models.ir_model: Missing model equipment.contract.operation.package 
2026-04-07 19:06:50,398 36 ERROR const_copy odoo.addons.base.models.ir_model: Missing model equipment.contract.operation 
2026-04-07 19:06:50,398 36 ERROR const_copy odoo.addons.base.models.ir_model: Missing model contract.operation.report.wizard 
2026-04-07 19:06:50,398 36 ERROR const_copy odoo.addons.base.models.ir_model: Missing model timesheet.report.wizard 
2026-04-07 19:06:50,398 36 ERROR const_copy odoo.addons.base.models.ir_model: Missing model account.move.report.wizard 
2026-04-07 19:06:50,399 36 ERROR const_copy odoo.addons.base.models.ir_model: Missing model account.statement.groupby.template 
2026-04-07 19:06:50,399 36 ERROR const_copy odoo.addons.base.models.ir_model: Missing model account.move.report.wizard 
2026-04-07 19:06:50,399 36 ERROR const_copy odoo.addons.base.models.ir_model: Missing model contract.operation.report.wizard 
2026-04-07 19:06:50,399 36 ERROR const_copy odoo.addons.base.models.ir_model: Missing model contract.operation.report.wizard 
2026-04-07 19:06:50,399 36 ERROR const_copy odoo.addons.base.models.ir_model: Missing model contract.report.wizard 
2026-04-07 19:06:50,399 36 ERROR const_copy odoo.addons.base.models.ir_model: Missing model contract.report.wizard 
2026-04-07 19:06:50,399 36 ERROR const_copy odoo.addons.base.models.ir_model: Missing model account.asset.asset 
2026-04-07 19:06:50,399 36 ERROR const_copy odoo.addons.base.models.ir_model: Missing model account.move.line.invoice.report.wizard 
2026-04-07 19:06:50,399 36 ERROR const_copy odoo.addons.base.models.ir_model: Missing model asset.depreciation.confirmation.wizard 
2026-04-07 19:06:50,399 36 ERROR const_copy odoo.addons.base.models.ir_model: Missing model account.move.line.report.wizard 
2026-04-07 19:06:50,399 36 ERROR const_copy odoo.addons.base.models.ir_model: Missing model account.move.line.report.wizard 
2026-04-07 19:06:50,496 36 INFO const_copy werkzeug: 172.16.31.134 - - [07/Apr/2026 19:06:50] "GET /web HTTP/1.1" 200 - 79 0.019 0.106
2026-04-07 19:06:50,539 34 INFO const_copy werkzeug: 172.16.31.134 - - [07/Apr/2026 19:06:50] "GET /web/manifest.webmanifest HTTP/1.1" 200 - 7 0.002 0.004
2026-04-07 19:06:50,550 37 INFO const_copy longpolling: 172.16.31.134 - - [2026-04-07 19:06:50] "GET /websocket?version=17.0-3 HTTP/1.1" 101 450 390.675962 
2026-04-07 19:06:50,911 34 INFO const_copy werkzeug: 172.16.31.134 - - [07/Apr/2026 19:06:50] "GET /nati_arabic_font/static/src/fonts/Almarai/Almarai-Bold.woff HTTP/1.1" 303 - 3 0.001 0.002
2026-04-07 19:06:50,920 34 INFO const_copy werkzeug: 172.16.31.134 - - [07/Apr/2026 19:06:50] "GET /bus/websocket_worker_bundle?v=17.0-3 HTTP/1.1" 304 - 4 0.001 0.002
2026-04-07 19:06:50,949 34 INFO const_copy werkzeug: 172.16.31.134 - - [07/Apr/2026 19:06:50] "POST /mail/init_messaging HTTP/1.1" 200 - 56 0.010 0.013
2026-04-07 19:06:50,964 34 INFO const_copy werkzeug: 172.16.31.134 - - [07/Apr/2026 19:06:50] "POST /web/dataset/call_kw/res.users/systray_get_activities HTTP/1.1" 200 - 25 0.006 0.007
2026-04-07 19:06:50,973 36 INFO const_copy werkzeug: 172.16.31.134 - - [07/Apr/2026 19:06:50] "POST /web/action/load HTTP/1.1" 200 - 6 0.001 0.003
2026-04-07 19:06:50,975 34 INFO const_copy werkzeug: 172.16.31.134 - - [07/Apr/2026 19:06:50] "GET /web/image?model=res.users&field=avatar_128&id=2 HTTP/1.1" 304 - 9 0.002 0.005
2026-04-07 19:06:50,976 31 INFO const_copy werkzeug: 172.16.31.134 - - [07/Apr/2026 19:06:50] "GET /en/nati_arabic_font/static/src/fonts/Almarai/Almarai-Bold.woff HTTP/1.1" 404 - 9 0.002 0.007
2026-04-07 19:06:50,982 31 INFO const_copy werkzeug: 172.16.31.134 - - [07/Apr/2026 19:06:50] "GET /nati_arabic_font/static/src/fonts/Almarai/Almarai-Regular.woff HTTP/1.1" 303 - 3 0.000 0.002
2026-04-07 19:06:50,984 36 ERROR const_copy odoo.http: Exception during request handling. 
Traceback (most recent call last):
  File "/usr/lib/python3/dist-packages/odoo/http.py", line 2410, in __call__
    response = request._serve_db()
  File "/usr/lib/python3/dist-packages/odoo/http.py", line 1985, in _serve_db
    return service_model.retrying(self._serve_ir_http, self.env)
  File "/usr/lib/python3/dist-packages/odoo/service/model.py", line 153, in retrying
    result = func()
  File "/usr/lib/python3/dist-packages/odoo/http.py", line 2013, in _serve_ir_http
    response = self.dispatcher.dispatch(rule.endpoint, args)
  File "/usr/lib/python3/dist-packages/odoo/http.py", line 2217, in dispatch
    result = self.request.registry['ir.http']._dispatch(endpoint)
  File "/usr/lib/python3/dist-packages/odoo/addons/base/models/ir_http.py", line 221, in _dispatch
    result = endpoint(**request.params)
  File "/usr/lib/python3/dist-packages/odoo/http.py", line 799, in route_wrapper
    result = endpoint(self, *args, **params_ok)
  File "/usr/lib/python3/dist-packages/odoo/addons/mail/controllers/webclient.py", line 27, in mail_load_message_failures
    return request.env.user.partner_id._message_fetch_failed()
  File "/usr/lib/python3/dist-packages/odoo/addons/mail/models/res_partner.py", line 264, in _message_fetch_failed
    existing = {
  File "/usr/lib/python3/dist-packages/odoo/addons/mail/models/res_partner.py", line 265, in <dictcomp>
    model: set(self.env[model].browse(ids).exists().ids)
  File "/usr/lib/python3/dist-packages/odoo/api.py", line 550, in __getitem__
    return self.registry[model_name](self, (), ())
  File "/usr/lib/python3/dist-packages/odoo/modules/registry.py", line 209, in __getitem__
    return self.models[model_name]
KeyError: 'timesheet.structure'
2026-04-07 19:06:50,984 36 INFO const_copy werkzeug: 172.16.31.134 - - [07/Apr/2026 19:06:50] "POST /mail/load_message_failures HTTP/1.1" 200 - 5 0.001 0.003
2026-04-07 19:06:51,000 34 INFO const_copy werkzeug: 172.16.31.134 - - [07/Apr/2026 19:06:51] "GET /nati_arabic_font/static/src/fonts/Almarai/Almarai-Bold.ttf HTTP/1.1" 303 - 3 0.000 0.002
2026-04-07 19:06:51,003 36 INFO const_copy werkzeug: 172.16.31.134 - - [07/Apr/2026 19:06:51] "GET /en/nati_arabic_font/static/src/fonts/Almarai/Almarai-Regular.woff HTTP/1.1" 404 - 9 0.001 0.006
2026-04-07 19:06:51,015 31 INFO const_copy werkzeug: 172.16.31.134 - - [07/Apr/2026 19:06:51] "GET /en/nati_arabic_font/static/src/fonts/Almarai/Almarai-Bold.ttf HTTP/1.1" 404 - 9 0.002 0.006
2026-04-07 19:06:51,028 32 INFO const_copy werkzeug: 172.16.31.134 - - [07/Apr/2026 19:06:51] "GET /nati_arabic_font/static/src/fonts/Almarai/Almarai-Regular.ttf HTTP/1.1" 303 - 3 0.001 0.003
2026-04-07 19:06:51,032 32 INFO const_copy werkzeug: 172.16.31.134 - - [07/Apr/2026 19:06:51] "GET /qader_contact_move_line_report/static/src/fonts/Almarai-Bold.woff2 HTTP/1.1" 303 - 4 0.001 0.002
2026-04-07 19:06:51,041 36 INFO const_copy werkzeug: 172.16.31.134 - - [07/Apr/2026 19:06:51] "GET /en/nati_arabic_font/static/src/fonts/Almarai/Almarai-Regular.ttf HTTP/1.1" 404 - 9 0.001 0.006
2026-04-07 19:06:51,045 32 INFO const_copy werkzeug: 172.16.31.134 - - [07/Apr/2026 19:06:51] "GET /en/qader_contact_move_line_report/static/src/fonts/Almarai-Bold.woff2 HTTP/1.1" 404 - 9 0.001 0.006
2026-04-07 19:06:51,061 32 INFO const_copy werkzeug: 172.16.31.134 - - [07/Apr/2026 19:06:51] "GET /qader_contact_move_line_report/static/src/fonts/Almarai-Bold.woff HTTP/1.1" 303 - 3 0.000 0.002
2026-04-07 19:06:51,062 36 INFO const_copy werkzeug: 172.16.31.134 - - [07/Apr/2026 19:06:51] "GET /qader_contact_move_line_report/static/src/fonts/Almarai-Regular.woff2 HTTP/1.1" 303 - 3 0.000 0.002
2026-04-07 19:06:51,073 36 INFO const_copy werkzeug: 172.16.31.134 - - [07/Apr/2026 19:06:51] "GET /en/qader_contact_move_line_report/static/src/fonts/Almarai-Bold.woff HTTP/1.1" 404 - 9 0.001 0.006
2026-04-07 19:06:51,074 32 INFO const_copy werkzeug: 172.16.31.134 - - [07/Apr/2026 19:06:51] "GET /en/qader_contact_move_line_report/static/src/fonts/Almarai-Regular.woff2 HTTP/1.1" 404 - 9 0.001 0.006
2026-04-07 19:06:51,085 32 INFO const_copy werkzeug: 172.16.31.134 - - [07/Apr/2026 19:06:51] "GET /qader_contact_move_line_report/static/src/fonts/Almarai-Regular.woff HTTP/1.1" 303 - 3 0.000 0.002
2026-04-07 19:06:51,086 34 INFO const_copy werkzeug: 172.16.31.134 - - [07/Apr/2026 19:06:51] "GET /qader_contact_move_line_report/static/src/fonts/Almarai-Bold.ttf HTTP/1.1" 303 - 3 0.000 0.002
2026-04-07 19:06:51,100 36 INFO const_copy werkzeug: 172.16.31.134 - - [07/Apr/2026 19:06:51] "GET /en/qader_contact_move_line_report/static/src/fonts/Almarai-Regular.woff HTTP/1.1" 404 - 9 0.001 0.006
2026-04-07 19:06:51,101 34 INFO const_copy werkzeug: 172.16.31.134 - - [07/Apr/2026 19:06:51] "GET /en/qader_contact_move_line_report/static/src/fonts/Almarai-Bold.ttf HTTP/1.1" 404 - 9 0.001 0.006
2026-04-07 19:06:51,113 34 INFO const_copy werkzeug: 172.16.31.134 - - [07/Apr/2026 19:06:51] "GET /qader_contact_move_line_report/static/src/fonts/Almarai-Regular.ttf HTTP/1.1" 303 - 3 0.000 0.002
2026-04-07 19:06:51,127 36 INFO const_copy werkzeug: 172.16.31.134 - - [07/Apr/2026 19:06:51] "GET /en/qader_contact_move_line_report/static/src/fonts/Almarai-Regular.ttf HTTP/1.1" 404 - 9 0.001 0.005
2026-04-07 19:07:52,224 1 INFO ? odoo.service.server: Stopping gracefully 
2026-04-07 19:07:52,226 36 INFO ? odoo.service.server: Worker (36) exiting. request_count: 106, registry count: 1. 
2026-04-07 19:07:52,226 32 INFO ? odoo.service.server: Worker (32) exiting. request_count: 85, registry count: 1. 
2026-04-07 19:07:52,226 31 INFO ? odoo.service.server: Worker (31) exiting. request_count: 78, registry count: 1. 
2026-04-07 19:07:52,226 34 INFO ? odoo.service.server: Worker (34) exiting. request_count: 88, registry count: 1. 
2026-04-07 19:07:52,316 39 INFO ? odoo.service.server: Worker (39) exiting. request_count: 7, registry count: 1. 
2026-04-07 19:07:53,591 1 WARNING ? py.warnings: /usr/lib/python3/dist-packages/odoo/tools/config.py:580: DeprecationWarning: The longpolling-port is a deprecated alias to the gevent-port option, please use the latter.
  File "/usr/bin/odoo", line 8, in <module>
    odoo.cli.main()
  File "/usr/lib/python3/dist-packages/odoo/cli/command.py", line 76, in main
    o.run(args)
  File "/usr/lib/python3/dist-packages/odoo/cli/server.py", line 186, in run
    main(args)
  File "/usr/lib/python3/dist-packages/odoo/cli/server.py", line 133, in main
    odoo.tools.config.parse_config(args)
  File "/usr/lib/python3/dist-packages/odoo/tools/config.py", line 391, in parse_config
    self._warn_deprecated_options()
  File "/usr/lib/python3/dist-packages/odoo/tools/config.py", line 580, in _warn_deprecated_options
    warnings.warn(
 
2026-04-07 19:07:53,591 1 INFO ? odoo: Odoo version 17.0-20260324 
2026-04-07 19:07:53,592 1 INFO ? odoo: Using configuration file at /etc/odoo/odoo.conf 
2026-04-07 19:07:53,592 1 INFO ? odoo: addons paths: ['/usr/lib/python3/dist-packages/odoo/addons', '/mnt/extra-addons', '/mnt/addon_tools', '/mnt/extra-addons2/account_ce_addons', '/mnt/extra-addons2/construction_addons'] 
2026-04-07 19:07:53,592 1 INFO ? odoo: database: odoo@db15:5432 
2026-04-07 19:07:53,635 1 INFO ? odoo.addons.base.models.ir_actions_report: Will use the Wkhtmltopdf binary at /usr/local/bin/wkhtmltopdf 
2026-04-07 19:07:53,713 1 INFO ? odoo.service.server: HTTP service (werkzeug) running on 0.0.0.0:8069 
2026-04-07 19:07:53,715 31 INFO ? odoo.service.server: Worker WorkerHTTP (31) alive 
2026-04-07 19:07:53,717 32 INFO ? odoo.service.server: Worker WorkerHTTP (32) alive 
2026-04-07 19:07:53,718 34 INFO ? odoo.service.server: Worker WorkerHTTP (34) alive 
2026-04-07 19:07:53,719 36 INFO ? odoo.service.server: Worker WorkerHTTP (36) alive 
2026-04-07 19:07:53,722 40 INFO ? odoo.service.server: Worker WorkerCron (40) alive 
2026-04-07 19:07:54,038 37 WARNING ? py.warnings: /usr/lib/python3/dist-packages/odoo/tools/config.py:580: DeprecationWarning: The longpolling-port is a deprecated alias to the gevent-port option, please use the latter.
  File "/usr/bin/odoo", line 8, in <module>
    odoo.cli.main()
  File "/usr/lib/python3/dist-packages/odoo/cli/command.py", line 76, in main
    o.run(args)
  File "/usr/lib/python3/dist-packages/odoo/cli/server.py", line 186, in run
    main(args)
  File "/usr/lib/python3/dist-packages/odoo/cli/server.py", line 133, in main
    odoo.tools.config.parse_config(args)
  File "/usr/lib/python3/dist-packages/odoo/tools/config.py", line 391, in parse_config
    self._warn_deprecated_options()
  File "/usr/lib/python3/dist-packages/odoo/tools/config.py", line 580, in _warn_deprecated_options
    warnings.warn(
 
2026-04-07 19:07:54,038 37 INFO ? odoo: Odoo version 17.0-20260324 
2026-04-07 19:07:54,038 37 INFO ? odoo: Using configuration file at /etc/odoo/odoo.conf 
2026-04-07 19:07:54,038 37 INFO ? odoo: addons paths: ['/usr/lib/python3/dist-packages/odoo/addons', '/mnt/extra-addons', '/mnt/addon_tools', '/mnt/extra-addons2/account_ce_addons', '/mnt/extra-addons2/construction_addons'] 
2026-04-07 19:07:54,038 37 INFO ? odoo: database: odoo@db15:5432 
2026-04-07 19:07:54,099 37 INFO ? odoo.addons.base.models.ir_actions_report: Will use the Wkhtmltopdf binary at /usr/local/bin/wkhtmltopdf 
2026-04-07 19:07:54,163 37 INFO ? odoo.service.server: Evented Service (longpolling) running on 0.0.0.0:8072 
2026-04-07 19:07:57,196 37 INFO ? odoo.modules.loading: loading 1 modules... 
2026-04-07 19:07:57,200 37 INFO ? odoo.modules.loading: 1 modules loaded in 0.00s, 0 queries (+0 extra) 
2026-04-07 19:07:57,204 37 WARNING ? odoo.modules.module: Missing `license` key in manifest for 'report_sign', defaulting to LGPL-3 
2026-04-07 19:07:57,207 37 WARNING ? odoo.modules.module: Missing `license` key in manifest for 'account_hierarchy_tree', defaulting to LGPL-3 
2026-04-07 19:07:57,209 37 WARNING ? odoo.modules.module: Missing `license` key in manifest for 'job_costing_budget_contracting', defaulting to LGPL-3 
2026-04-07 19:07:57,214 37 WARNING ? odoo.modules.graph: module auto_database_backup: not installable, skipped 
2026-04-07 19:07:57,214 37 WARNING ? odoo.modules.module: Missing `license` key in manifest for 'qader_report', defaulting to LGPL-3 
2026-04-07 19:07:57,215 37 WARNING ? odoo.modules.module: Missing `license` key in manifest for 'account_cash_management', defaulting to LGPL-3 
2026-04-07 19:07:57,219 37 WARNING ? odoo.modules.module: Missing `license` key in manifest for 'qader_construction_report', defaulting to LGPL-3 
2026-04-07 19:07:57,220 37 WARNING ? odoo.modules.module: Missing `license` key in manifest for 'po_into_task', defaulting to LGPL-3 
2026-04-07 19:07:57,222 37 WARNING ? odoo.modules.module: Missing `license` key in manifest for 'qader_construction_invoice_report', defaulting to LGPL-3 
2026-04-07 19:07:57,224 37 WARNING ? odoo.modules.module: Missing `license` key in manifest for 'qader_construction_contract', defaulting to LGPL-3 
2026-04-07 19:07:57,242 37 INFO ? odoo.modules.loading: loading 205 modules... 
2026-04-07 19:07:57,245 37 CRITICAL ? odoo.modules.module: Couldn't load module base_view_inheritance_extension 
2026-04-07 19:07:57,247 37 WARNING ? odoo.modules.loading: Transient module states were reset 
2026-04-07 19:07:57,247 37 ERROR ? odoo.modules.registry: Failed to load registry 
Traceback (most recent call last):
  File "/usr/lib/python3/dist-packages/odoo/modules/registry.py", line 87, in __new__
    return cls.registries[db_name]
  File "<decorator-gen-5>", line 2, in __getitem__
  File "/usr/lib/python3/dist-packages/odoo/tools/func.py", line 87, in locked
    return func(inst, *args, **kwargs)
  File "/usr/lib/python3/dist-packages/odoo/tools/lru.py", line 34, in __getitem__
    a = self.d[obj]
KeyError: 'const_copy'

During handling of the above exception, another exception occurred:

Traceback (most recent call last):
  File "/usr/lib/python3/dist-packages/odoo/modules/registry.py", line 110, in new
    odoo.modules.load_modules(registry, force_demo, status, update_module)
  File "/usr/lib/python3/dist-packages/odoo/modules/loading.py", line 481, in load_modules
    processed_modules += load_marked_modules(env, graph,
  File "/usr/lib/python3/dist-packages/odoo/modules/loading.py", line 366, in load_marked_modules
    loaded, processed = load_module_graph(
  File "/usr/lib/python3/dist-packages/odoo/modules/loading.py", line 187, in load_module_graph
    load_openerp_module(package.name)
  File "/usr/lib/python3/dist-packages/odoo/modules/module.py", line 395, in load_openerp_module
    __import__(qualname)
  File "/mnt/extra-addons2/account_ce_addons/base_view_inheritance_extension/__init__.py", line 1, in <module>
    from . import models
  File "/mnt/extra-addons2/account_ce_addons/base_view_inheritance_extension/models/__init__.py", line 1, in <module>
    from . import ir_ui_view
  File "/mnt/extra-addons2/account_ce_addons/base_view_inheritance_extension/models/ir_ui_view.py", line 10, in <module>
    import astor
ModuleNotFoundError: No module named 'astor'
2026-04-07 19:07:57,258 37 ERROR ? odoo.http: Exception during request handling. 
Traceback (most recent call last):
  File "/usr/lib/python3/dist-packages/odoo/modules/registry.py", line 87, in __new__
    return cls.registries[db_name]
  File "<decorator-gen-5>", line 2, in __getitem__
  File "/usr/lib/python3/dist-packages/odoo/tools/func.py", line 87, in locked
    return func(inst, *args, **kwargs)
  File "/usr/lib/python3/dist-packages/odoo/tools/lru.py", line 34, in __getitem__
    a = self.d[obj]
KeyError: 'const_copy'

During handling of the above exception, another exception occurred:

Traceback (most recent call last):
  File "/usr/lib/python3/dist-packages/odoo/http.py", line 2410, in __call__
    response = request._serve_db()
  File "/usr/lib/python3/dist-packages/odoo/http.py", line 1963, in _serve_db
    self.registry = Registry(self.db).check_signaling()
  File "/usr/lib/python3/dist-packages/odoo/modules/registry.py", line 89, in __new__
    return cls.new(db_name)
  File "<decorator-gen-16>", line 2, in new
  File "/usr/lib/python3/dist-packages/odoo/tools/func.py", line 87, in locked
    return func(inst, *args, **kwargs)
  File "/usr/lib/python3/dist-packages/odoo/modules/registry.py", line 110, in new
    odoo.modules.load_modules(registry, force_demo, status, update_module)
  File "/usr/lib/python3/dist-packages/odoo/modules/loading.py", line 481, in load_modules
    processed_modules += load_marked_modules(env, graph,
  File "/usr/lib/python3/dist-packages/odoo/modules/loading.py", line 366, in load_marked_modules
    loaded, processed = load_module_graph(
  File "/usr/lib/python3/dist-packages/odoo/modules/loading.py", line 187, in load_module_graph
    load_openerp_module(package.name)
  File "/usr/lib/python3/dist-packages/odoo/modules/module.py", line 395, in load_openerp_module
    __import__(qualname)
  File "/mnt/extra-addons2/account_ce_addons/base_view_inheritance_extension/__init__.py", line 1, in <module>
    from . import models
  File "/mnt/extra-addons2/account_ce_addons/base_view_inheritance_extension/models/__init__.py", line 1, in <module>
    from . import ir_ui_view
  File "/mnt/extra-addons2/account_ce_addons/base_view_inheritance_extension/models/ir_ui_view.py", line 10, in <module>
    import astor
ModuleNotFoundError: No module named 'astor'
2026-04-07 19:07:57,259 37 INFO ? longpolling: 172.16.31.134 - - [2026-04-07 19:07:57] "GET /websocket?version=17.0-3 HTTP/1.1" 500 426 0.073372 
2026-04-07 19:08:00,734 32 INFO ? odoo.modules.loading: loading 1 modules... 
2026-04-07 19:08:00,740 32 INFO ? odoo.modules.loading: 1 modules loaded in 0.01s, 0 queries (+0 extra) 
2026-04-07 19:08:00,744 32 WARNING ? odoo.modules.module: Missing `license` key in manifest for 'report_sign', defaulting to LGPL-3 
2026-04-07 19:08:00,747 32 WARNING ? odoo.modules.module: Missing `license` key in manifest for 'account_hierarchy_tree', defaulting to LGPL-3 
2026-04-07 19:08:00,749 32 WARNING ? odoo.modules.module: Missing `license` key in manifest for 'job_costing_budget_contracting', defaulting to LGPL-3 
2026-04-07 19:08:00,754 32 WARNING ? odoo.modules.graph: module auto_database_backup: not installable, skipped 
2026-04-07 19:08:00,754 32 WARNING ? odoo.modules.module: Missing `license` key in manifest for 'qader_report', defaulting to LGPL-3 
2026-04-07 19:08:00,755 32 WARNING ? odoo.modules.module: Missing `license` key in manifest for 'account_cash_management', defaulting to LGPL-3 
2026-04-07 19:08:00,759 32 WARNING ? odoo.modules.module: Missing `license` key in manifest for 'qader_construction_report', defaulting to LGPL-3 
2026-04-07 19:08:00,759 32 WARNING ? odoo.modules.module: Missing `license` key in manifest for 'po_into_task', defaulting to LGPL-3 
2026-04-07 19:08:00,762 32 WARNING ? odoo.modules.module: Missing `license` key in manifest for 'qader_construction_invoice_report', defaulting to LGPL-3 
2026-04-07 19:08:00,764 32 WARNING ? odoo.modules.module: Missing `license` key in manifest for 'qader_construction_contract', defaulting to LGPL-3 
2026-04-07 19:08:00,781 32 INFO ? odoo.modules.loading: loading 205 modules... 
2026-04-07 19:08:00,785 32 CRITICAL ? odoo.modules.module: Couldn't load module base_view_inheritance_extension 
2026-04-07 19:08:00,786 32 WARNING ? odoo.modules.loading: Transient module states were reset 
2026-04-07 19:08:00,787 32 ERROR ? odoo.modules.registry: Failed to load registry 
Traceback (most recent call last):
  File "/usr/lib/python3/dist-packages/odoo/modules/registry.py", line 87, in __new__
    return cls.registries[db_name]
  File "<decorator-gen-5>", line 2, in __getitem__
  File "/usr/lib/python3/dist-packages/odoo/tools/func.py", line 87, in locked
    return func(inst, *args, **kwargs)
  File "/usr/lib/python3/dist-packages/odoo/tools/lru.py", line 34, in __getitem__
    a = self.d[obj]
KeyError: 'const_copy'

During handling of the above exception, another exception occurred:

Traceback (most recent call last):
  File "/usr/lib/python3/dist-packages/odoo/modules/registry.py", line 110, in new
    odoo.modules.load_modules(registry, force_demo, status, update_module)
  File "/usr/lib/python3/dist-packages/odoo/modules/loading.py", line 481, in load_modules
    processed_modules += load_marked_modules(env, graph,
  File "/usr/lib/python3/dist-packages/odoo/modules/loading.py", line 366, in load_marked_modules
    loaded, processed = load_module_graph(
  File "/usr/lib/python3/dist-packages/odoo/modules/loading.py", line 187, in load_module_graph
    load_openerp_module(package.name)
  File "/usr/lib/python3/dist-packages/odoo/modules/module.py", line 395, in load_openerp_module
    __import__(qualname)
  File "/mnt/extra-addons2/account_ce_addons/base_view_inheritance_extension/__init__.py", line 1, in <module>
    from . import models
  File "/mnt/extra-addons2/account_ce_addons/base_view_inheritance_extension/models/__init__.py", line 1, in <module>
    from . import ir_ui_view
  File "/mnt/extra-addons2/account_ce_addons/base_view_inheritance_extension/models/ir_ui_view.py", line 10, in <module>
    import astor
ModuleNotFoundError: No module named 'astor'
2026-04-07 19:08:00,787 32 ERROR ? odoo.http: Exception during request handling. 
Traceback (most recent call last):
  File "/usr/lib/python3/dist-packages/odoo/modules/registry.py", line 87, in __new__
    return cls.registries[db_name]
  File "<decorator-gen-5>", line 2, in __getitem__
  File "/usr/lib/python3/dist-packages/odoo/tools/func.py", line 87, in locked
    return func(inst, *args, **kwargs)
  File "/usr/lib/python3/dist-packages/odoo/tools/lru.py", line 34, in __getitem__
    a = self.d[obj]
KeyError: 'const_copy'

During handling of the above exception, another exception occurred:

Traceback (most recent call last):
  File "/usr/lib/python3/dist-packages/odoo/http.py", line 2410, in __call__
    response = request._serve_db()
  File "/usr/lib/python3/dist-packages/odoo/http.py", line 1963, in _serve_db
    self.registry = Registry(self.db).check_signaling()
  File "/usr/lib/python3/dist-packages/odoo/modules/registry.py", line 89, in __new__
    return cls.new(db_name)
  File "<decorator-gen-16>", line 2, in new
  File "/usr/lib/python3/dist-packages/odoo/tools/func.py", line 87, in locked
    return func(inst, *args, **kwargs)
  File "/usr/lib/python3/dist-packages/odoo/modules/registry.py", line 110, in new
    odoo.modules.load_modules(registry, force_demo, status, update_module)
  File "/usr/lib/python3/dist-packages/odoo/modules/loading.py", line 481, in load_modules
    processed_modules += load_marked_modules(env, graph,
  File "/usr/lib/python3/dist-packages/odoo/modules/loading.py", line 366, in load_marked_modules
    loaded, processed = load_module_graph(
  File "/usr/lib/python3/dist-packages/odoo/modules/loading.py", line 187, in load_module_graph
    load_openerp_module(package.name)
  File "/usr/lib/python3/dist-packages/odoo/modules/module.py", line 395, in load_openerp_module
    __import__(qualname)
  File "/mnt/extra-addons2/account_ce_addons/base_view_inheritance_extension/__init__.py", line 1, in <module>
    from . import models
  File "/mnt/extra-addons2/account_ce_addons/base_view_inheritance_extension/models/__init__.py", line 1, in <module>
    from . import ir_ui_view
  File "/mnt/extra-addons2/account_ce_addons/base_view_inheritance_extension/models/ir_ui_view.py", line 10, in <module>
    import astor
ModuleNotFoundError: No module named 'astor'
2026-04-07 19:08:00,788 32 INFO ? werkzeug: 172.16.31.134 - - [07/Apr/2026 19:08:00] "GET /web HTTP/1.1" 500 - 14 0.008 0.060
2026-04-07 19:08:00,842 36 INFO ? odoo.modules.loading: loading 1 modules... 
2026-04-07 19:08:00,847 36 INFO ? odoo.modules.loading: 1 modules loaded in 0.00s, 0 queries (+0 extra) 
2026-04-07 19:08:00,850 36 WARNING ? odoo.modules.module: Missing `license` key in manifest for 'report_sign', defaulting to LGPL-3 
2026-04-07 19:08:00,854 36 WARNING ? odoo.modules.module: Missing `license` key in manifest for 'account_hierarchy_tree', defaulting to LGPL-3 
2026-04-07 19:08:00,855 36 WARNING ? odoo.modules.module: Missing `license` key in manifest for 'job_costing_budget_contracting', defaulting to LGPL-3 
2026-04-07 19:08:00,860 36 WARNING ? odoo.modules.graph: module auto_database_backup: not installable, skipped 
2026-04-07 19:08:00,860 36 WARNING ? odoo.modules.module: Missing `license` key in manifest for 'qader_report', defaulting to LGPL-3 
2026-04-07 19:08:00,861 36 WARNING ? odoo.modules.module: Missing `license` key in manifest for 'account_cash_management', defaulting to LGPL-3 
2026-04-07 19:08:00,865 36 WARNING ? odoo.modules.module: Missing `license` key in manifest for 'qader_construction_report', defaulting to LGPL-3 
2026-04-07 19:08:00,866 36 WARNING ? odoo.modules.module: Missing `license` key in manifest for 'po_into_task', defaulting to LGPL-3 
2026-04-07 19:08:00,868 36 WARNING ? odoo.modules.module: Missing `license` key in manifest for 'qader_construction_invoice_report', defaulting to LGPL-3 
2026-04-07 19:08:00,870 36 WARNING ? odoo.modules.module: Missing `license` key in manifest for 'qader_construction_contract', defaulting to LGPL-3 
2026-04-07 19:08:00,887 36 INFO ? odoo.modules.loading: loading 205 modules... 
2026-04-07 19:08:00,891 36 CRITICAL ? odoo.modules.module: Couldn't load module base_view_inheritance_extension 
2026-04-07 19:08:00,893 36 WARNING ? odoo.modules.loading: Transient module states were reset 
2026-04-07 19:08:00,893 36 ERROR ? odoo.modules.registry: Failed to load registry 
Traceback (most recent call last):
  File "/usr/lib/python3/dist-packages/odoo/modules/registry.py", line 87, in __new__
    return cls.registries[db_name]
  File "<decorator-gen-5>", line 2, in __getitem__
  File "/usr/lib/python3/dist-packages/odoo/tools/func.py", line 87, in locked
    return func(inst, *args, **kwargs)
  File "/usr/lib/python3/dist-packages/odoo/tools/lru.py", line 34, in __getitem__
    a = self.d[obj]
KeyError: 'const_copy'

During handling of the above exception, another exception occurred:

Traceback (most recent call last):
  File "/usr/lib/python3/dist-packages/odoo/modules/registry.py", line 110, in new
    odoo.modules.load_modules(registry, force_demo, status, update_module)
  File "/usr/lib/python3/dist-packages/odoo/modules/loading.py", line 481, in load_modules
    processed_modules += load_marked_modules(env, graph,
  File "/usr/lib/python3/dist-packages/odoo/modules/loading.py", line 366, in load_marked_modules
    loaded, processed = load_module_graph(
  File "/usr/lib/python3/dist-packages/odoo/modules/loading.py", line 187, in load_module_graph
    load_openerp_module(package.name)
  File "/usr/lib/python3/dist-packages/odoo/modules/module.py", line 395, in load_openerp_module
    __import__(qualname)
  File "/mnt/extra-addons2/account_ce_addons/base_view_inheritance_extension/__init__.py", line 1, in <module>
    from . import models
  File "/mnt/extra-addons2/account_ce_addons/base_view_inheritance_extension/models/__init__.py", line 1, in <module>
    from . import ir_ui_view
  File "/mnt/extra-addons2/account_ce_addons/base_view_inheritance_extension/models/ir_ui_view.py", line 10, in <module>
    import astor
ModuleNotFoundError: No module named 'astor'
2026-04-07 19:08:00,894 36 ERROR ? odoo.http: Exception during request handling. 
Traceback (most recent call last):
  File "/usr/lib/python3/dist-packages/odoo/modules/registry.py", line 87, in __new__
    return cls.registries[db_name]
  File "<decorator-gen-5>", line 2, in __getitem__
  File "/usr/lib/python3/dist-packages/odoo/tools/func.py", line 87, in locked
    return func(inst, *args, **kwargs)
  File "/usr/lib/python3/dist-packages/odoo/tools/lru.py", line 34, in __getitem__
    a = self.d[obj]
KeyError: 'const_copy'

During handling of the above exception, another exception occurred:

Traceback (most recent call last):
  File "/usr/lib/python3/dist-packages/odoo/http.py", line 2410, in __call__
    response = request._serve_db()
  File "/usr/lib/python3/dist-packages/odoo/http.py", line 1963, in _serve_db
    self.registry = Registry(self.db).check_signaling()
  File "/usr/lib/python3/dist-packages/odoo/modules/registry.py", line 89, in __new__
    return cls.new(db_name)
  File "<decorator-gen-16>", line 2, in new
  File "/usr/lib/python3/dist-packages/odoo/tools/func.py", line 87, in locked
    return func(inst, *args, **kwargs)
  File "/usr/lib/python3/dist-packages/odoo/modules/registry.py", line 110, in new
    odoo.modules.load_modules(registry, force_demo, status, update_module)
  File "/usr/lib/python3/dist-packages/odoo/modules/loading.py", line 481, in load_modules
    processed_modules += load_marked_modules(env, graph,
  File "/usr/lib/python3/dist-packages/odoo/modules/loading.py", line 366, in load_marked_modules
    loaded, processed = load_module_graph(
  File "/usr/lib/python3/dist-packages/odoo/modules/loading.py", line 187, in load_module_graph
    load_openerp_module(package.name)
  File "/usr/lib/python3/dist-packages/odoo/modules/module.py", line 395, in load_openerp_module
    __import__(qualname)
  File "/mnt/extra-addons2/account_ce_addons/base_view_inheritance_extension/__init__.py", line 1, in <module>
    from . import models
  File "/mnt/extra-addons2/account_ce_addons/base_view_inheritance_extension/models/__init__.py", line 1, in <module>
    from . import ir_ui_view
  File "/mnt/extra-addons2/account_ce_addons/base_view_inheritance_extension/models/ir_ui_view.py", line 10, in <module>
    import astor
ModuleNotFoundError: No module named 'astor'
2026-04-07 19:08:00,895 36 INFO ? werkzeug: 172.16.31.134 - - [07/Apr/2026 19:08:00] "GET /favicon.ico HTTP/1.1" 500 - 14 0.008 0.057
2026-04-07 19:08:02,528 36 INFO ? odoo.modules.loading: loading 1 modules... 
2026-04-07 19:08:02,532 36 INFO ? odoo.modules.loading: 1 modules loaded in 0.00s, 0 queries (+0 extra) 
2026-04-07 19:08:02,535 36 WARNING ? odoo.modules.graph: module auto_database_backup: not installable, skipped 
2026-04-07 19:08:02,541 36 INFO ? odoo.modules.loading: loading 205 modules... 
2026-04-07 19:08:02,543 36 CRITICAL ? odoo.modules.module: Couldn't load module base_view_inheritance_extension 
2026-04-07 19:08:02,544 36 WARNING ? odoo.modules.loading: Transient module states were reset 
2026-04-07 19:08:02,545 36 ERROR ? odoo.modules.registry: Failed to load registry 
Traceback (most recent call last):
  File "/usr/lib/python3/dist-packages/odoo/modules/registry.py", line 87, in __new__
    return cls.registries[db_name]
  File "<decorator-gen-5>", line 2, in __getitem__
  File "/usr/lib/python3/dist-packages/odoo/tools/func.py", line 87, in locked
    return func(inst, *args, **kwargs)
  File "/usr/lib/python3/dist-packages/odoo/tools/lru.py", line 34, in __getitem__
    a = self.d[obj]
KeyError: 'const_copy'

During handling of the above exception, another exception occurred:

Traceback (most recent call last):
  File "/usr/lib/python3/dist-packages/odoo/modules/registry.py", line 110, in new
    odoo.modules.load_modules(registry, force_demo, status, update_module)
  File "/usr/lib/python3/dist-packages/odoo/modules/loading.py", line 481, in load_modules
    processed_modules += load_marked_modules(env, graph,
  File "/usr/lib/python3/dist-packages/odoo/modules/loading.py", line 366, in load_marked_modules
    loaded, processed = load_module_graph(
  File "/usr/lib/python3/dist-packages/odoo/modules/loading.py", line 187, in load_module_graph
    load_openerp_module(package.name)
  File "/usr/lib/python3/dist-packages/odoo/modules/module.py", line 395, in load_openerp_module
    __import__(qualname)
  File "/mnt/extra-addons2/account_ce_addons/base_view_inheritance_extension/__init__.py", line 1, in <module>
    from . import models
  File "/mnt/extra-addons2/account_ce_addons/base_view_inheritance_extension/models/__init__.py", line 1, in <module>
    from . import ir_ui_view
  File "/mnt/extra-addons2/account_ce_addons/base_view_inheritance_extension/models/ir_ui_view.py", line 10, in <module>
    import astor
ModuleNotFoundError: No module named 'astor'
2026-04-07 19:08:02,545 36 ERROR ? odoo.http: Exception during request handling. 
Traceback (most recent call last):
  File "/usr/lib/python3/dist-packages/odoo/modules/registry.py", line 87, in __new__
    return cls.registries[db_name]
  File "<decorator-gen-5>", line 2, in __getitem__
  File "/usr/lib/python3/dist-packages/odoo/tools/func.py", line 87, in locked
    return func(inst, *args, **kwargs)
  File "/usr/lib/python3/dist-packages/odoo/tools/lru.py", line 34, in __getitem__
    a = self.d[obj]
KeyError: 'const_copy'

During handling of the above exception, another exception occurred:

Traceback (most recent call last):
  File "/usr/lib/python3/dist-packages/odoo/http.py", line 2410, in __call__
    response = request._serve_db()
  File "/usr/lib/python3/dist-packages/odoo/http.py", line 1963, in _serve_db
    self.registry = Registry(self.db).check_signaling()
  File "/usr/lib/python3/dist-packages/odoo/modules/registry.py", line 89, in __new__
    return cls.new(db_name)
  File "<decorator-gen-16>", line 2, in new
  File "/usr/lib/python3/dist-packages/odoo/tools/func.py", line 87, in locked
    return func(inst, *args, **kwargs)
  File "/usr/lib/python3/dist-packages/odoo/modules/registry.py", line 110, in new
    odoo.modules.load_modules(registry, force_demo, status, update_module)
  File "/usr/lib/python3/dist-packages/odoo/modules/loading.py", line 481, in load_modules
    processed_modules += load_marked_modules(env, graph,
  File "/usr/lib/python3/dist-packages/odoo/modules/loading.py", line 366, in load_marked_modules
    loaded, processed = load_module_graph(
  File "/usr/lib/python3/dist-packages/odoo/modules/loading.py", line 187, in load_module_graph
    load_openerp_module(package.name)
  File "/usr/lib/python3/dist-packages/odoo/modules/module.py", line 395, in load_openerp_module
    __import__(qualname)
  File "/mnt/extra-addons2/account_ce_addons/base_view_inheritance_extension/__init__.py", line 1, in <module>
    from . import models
  File "/mnt/extra-addons2/account_ce_addons/base_view_inheritance_extension/models/__init__.py", line 1, in <module>
    from . import ir_ui_view
  File "/mnt/extra-addons2/account_ce_addons/base_view_inheritance_extension/models/ir_ui_view.py", line 10, in <module>
    import astor
ModuleNotFoundError: No module named 'astor'
2026-04-07 19:08:02,545 36 INFO ? werkzeug: 172.16.31.134 - - [07/Apr/2026 19:08:02] "GET /web HTTP/1.1" 500 - 14 0.004 0.015
2026-04-07 19:08:02,583 36 INFO ? odoo.modules.loading: loading 1 modules... 
2026-04-07 19:08:02,586 36 INFO ? odoo.modules.loading: 1 modules loaded in 0.00s, 0 queries (+0 extra) 
2026-04-07 19:08:02,589 36 WARNING ? odoo.modules.graph: module auto_database_backup: not installable, skipped 
2026-04-07 19:08:02,595 36 INFO ? odoo.modules.loading: loading 205 modules... 
2026-04-07 19:08:02,597 36 CRITICAL ? odoo.modules.module: Couldn't load module base_view_inheritance_extension 
2026-04-07 19:08:02,598 36 WARNING ? odoo.modules.loading: Transient module states were reset 
2026-04-07 19:08:02,598 36 ERROR ? odoo.modules.registry: Failed to load registry 
Traceback (most recent call last):
  File "/usr/lib/python3/dist-packages/odoo/modules/registry.py", line 87, in __new__
    return cls.registries[db_name]
  File "<decorator-gen-5>", line 2, in __getitem__
  File "/usr/lib/python3/dist-packages/odoo/tools/func.py", line 87, in locked
    return func(inst, *args, **kwargs)
  File "/usr/lib/python3/dist-packages/odoo/tools/lru.py", line 34, in __getitem__
    a = self.d[obj]
KeyError: 'const_copy'

During handling of the above exception, another exception occurred:

Traceback (most recent call last):
  File "/usr/lib/python3/dist-packages/odoo/modules/registry.py", line 110, in new
    odoo.modules.load_modules(registry, force_demo, status, update_module)
  File "/usr/lib/python3/dist-packages/odoo/modules/loading.py", line 481, in load_modules
    processed_modules += load_marked_modules(env, graph,
  File "/usr/lib/python3/dist-packages/odoo/modules/loading.py", line 366, in load_marked_modules
    loaded, processed = load_module_graph(
  File "/usr/lib/python3/dist-packages/odoo/modules/loading.py", line 187, in load_module_graph
    load_openerp_module(package.name)
  File "/usr/lib/python3/dist-packages/odoo/modules/module.py", line 395, in load_openerp_module
    __import__(qualname)
  File "/mnt/extra-addons2/account_ce_addons/base_view_inheritance_extension/__init__.py", line 1, in <module>
    from . import models
  File "/mnt/extra-addons2/account_ce_addons/base_view_inheritance_extension/models/__init__.py", line 1, in <module>
    from . import ir_ui_view
  File "/mnt/extra-addons2/account_ce_addons/base_view_inheritance_extension/models/ir_ui_view.py", line 10, in <module>
    import astor
ModuleNotFoundError: No module named 'astor'
2026-04-07 19:08:02,598 36 ERROR ? odoo.http: Exception during request handling. 
Traceback (most recent call last):
  File "/usr/lib/python3/dist-packages/odoo/modules/registry.py", line 87, in __new__
    return cls.registries[db_name]
  File "<decorator-gen-5>", line 2, in __getitem__
  File "/usr/lib/python3/dist-packages/odoo/tools/func.py", line 87, in locked
    return func(inst, *args, **kwargs)
  File "/usr/lib/python3/dist-packages/odoo/tools/lru.py", line 34, in __getitem__
    a = self.d[obj]
KeyError: 'const_copy'

During handling of the above exception, another exception occurred:

Traceback (most recent call last):
  File "/usr/lib/python3/dist-packages/odoo/http.py", line 2410, in __call__
    response = request._serve_db()
  File "/usr/lib/python3/dist-packages/odoo/http.py", line 1963, in _serve_db
    self.registry = Registry(self.db).check_signaling()
  File "/usr/lib/python3/dist-packages/odoo/modules/registry.py", line 89, in __new__
    return cls.new(db_name)
  File "<decorator-gen-16>", line 2, in new
  File "/usr/lib/python3/dist-packages/odoo/tools/func.py", line 87, in locked
    return func(inst, *args, **kwargs)
  File "/usr/lib/python3/dist-packages/odoo/modules/registry.py", line 110, in new
    odoo.modules.load_modules(registry, force_demo, status, update_module)
  File "/usr/lib/python3/dist-packages/odoo/modules/loading.py", line 481, in load_modules
    processed_modules += load_marked_modules(env, graph,
  File "/usr/lib/python3/dist-packages/odoo/modules/loading.py", line 366, in load_marked_modules
    loaded, processed = load_module_graph(
  File "/usr/lib/python3/dist-packages/odoo/modules/loading.py", line 187, in load_module_graph
    load_openerp_module(package.name)
  File "/usr/lib/python3/dist-packages/odoo/modules/module.py", line 395, in load_openerp_module
    __import__(qualname)
  File "/mnt/extra-addons2/account_ce_addons/base_view_inheritance_extension/__init__.py", line 1, in <module>
    from . import models
  File "/mnt/extra-addons2/account_ce_addons/base_view_inheritance_extension/models/__init__.py", line 1, in <module>
    from . import ir_ui_view
  File "/mnt/extra-addons2/account_ce_addons/base_view_inheritance_extension/models/ir_ui_view.py", line 10, in <module>
    import astor
ModuleNotFoundError: No module named 'astor'
2026-04-07 19:08:02,598 36 INFO ? werkzeug: 172.16.31.134 - - [07/Apr/2026 19:08:02] "GET /favicon.ico HTTP/1.1" 500 - 14 0.004 0.014
2026-04-07 19:08:03,429 36 INFO ? odoo.modules.loading: loading 1 modules... 
2026-04-07 19:08:03,433 36 INFO ? odoo.modules.loading: 1 modules loaded in 0.00s, 0 queries (+0 extra) 
2026-04-07 19:08:03,436 36 WARNING ? odoo.modules.graph: module auto_database_backup: not installable, skipped 
2026-04-07 19:08:03,442 36 INFO ? odoo.modules.loading: loading 205 modules... 
2026-04-07 19:08:03,444 36 CRITICAL ? odoo.modules.module: Couldn't load module base_view_inheritance_extension 
2026-04-07 19:08:03,445 36 WARNING ? odoo.modules.loading: Transient module states were reset 
2026-04-07 19:08:03,445 36 ERROR ? odoo.modules.registry: Failed to load registry 
Traceback (most recent call last):
  File "/usr/lib/python3/dist-packages/odoo/modules/registry.py", line 87, in __new__
    return cls.registries[db_name]
  File "<decorator-gen-5>", line 2, in __getitem__
  File "/usr/lib/python3/dist-packages/odoo/tools/func.py", line 87, in locked
    return func(inst, *args, **kwargs)
  File "/usr/lib/python3/dist-packages/odoo/tools/lru.py", line 34, in __getitem__
    a = self.d[obj]
KeyError: 'const_copy'

During handling of the above exception, another exception occurred:

Traceback (most recent call last):
  File "/usr/lib/python3/dist-packages/odoo/modules/registry.py", line 110, in new
    odoo.modules.load_modules(registry, force_demo, status, update_module)
  File "/usr/lib/python3/dist-packages/odoo/modules/loading.py", line 481, in load_modules
    processed_modules += load_marked_modules(env, graph,
  File "/usr/lib/python3/dist-packages/odoo/modules/loading.py", line 366, in load_marked_modules
    loaded, processed = load_module_graph(
  File "/usr/lib/python3/dist-packages/odoo/modules/loading.py", line 187, in load_module_graph
    load_openerp_module(package.name)
  File "/usr/lib/python3/dist-packages/odoo/modules/module.py", line 395, in load_openerp_module
    __import__(qualname)
  File "/mnt/extra-addons2/account_ce_addons/base_view_inheritance_extension/__init__.py", line 1, in <module>
    from . import models
  File "/mnt/extra-addons2/account_ce_addons/base_view_inheritance_extension/models/__init__.py", line 1, in <module>
    from . import ir_ui_view
  File "/mnt/extra-addons2/account_ce_addons/base_view_inheritance_extension/models/ir_ui_view.py", line 10, in <module>
    import astor
ModuleNotFoundError: No module named 'astor'
2026-04-07 19:08:03,445 36 ERROR ? odoo.http: Exception during request handling. 
Traceback (most recent call last):
  File "/usr/lib/python3/dist-packages/odoo/modules/registry.py", line 87, in __new__
    return cls.registries[db_name]
  File "<decorator-gen-5>", line 2, in __getitem__
  File "/usr/lib/python3/dist-packages/odoo/tools/func.py", line 87, in locked
    return func(inst, *args, **kwargs)
  File "/usr/lib/python3/dist-packages/odoo/tools/lru.py", line 34, in __getitem__
    a = self.d[obj]
KeyError: 'const_copy'

During handling of the above exception, another exception occurred:

Traceback (most recent call last):
  File "/usr/lib/python3/dist-packages/odoo/http.py", line 2410, in __call__
    response = request._serve_db()
  File "/usr/lib/python3/dist-packages/odoo/http.py", line 1963, in _serve_db
    self.registry = Registry(self.db).check_signaling()
  File "/usr/lib/python3/dist-packages/odoo/modules/registry.py", line 89, in __new__
    return cls.new(db_name)
  File "<decorator-gen-16>", line 2, in new
  File "/usr/lib/python3/dist-packages/odoo/tools/func.py", line 87, in locked
    return func(inst, *args, **kwargs)
  File "/usr/lib/python3/dist-packages/odoo/modules/registry.py", line 110, in new
    odoo.modules.load_modules(registry, force_demo, status, update_module)
  File "/usr/lib/python3/dist-packages/odoo/modules/loading.py", line 481, in load_modules
    processed_modules += load_marked_modules(env, graph,
  File "/usr/lib/python3/dist-packages/odoo/modules/loading.py", line 366, in load_marked_modules
    loaded, processed = load_module_graph(
  File "/usr/lib/python3/dist-packages/odoo/modules/loading.py", line 187, in load_module_graph
    load_openerp_module(package.name)
  File "/usr/lib/python3/dist-packages/odoo/modules/module.py", line 395, in load_openerp_module
    __import__(qualname)
  File "/mnt/extra-addons2/account_ce_addons/base_view_inheritance_extension/__init__.py", line 1, in <module>
    from . import models
  File "/mnt/extra-addons2/account_ce_addons/base_view_inheritance_extension/models/__init__.py", line 1, in <module>
    from . import ir_ui_view
  File "/mnt/extra-addons2/account_ce_addons/base_view_inheritance_extension/models/ir_ui_view.py", line 10, in <module>
    import astor
ModuleNotFoundError: No module named 'astor'
2026-04-07 19:08:03,445 36 INFO ? werkzeug: 172.16.31.134 - - [07/Apr/2026 19:08:03] "GET /web HTTP/1.1" 500 - 14 0.005 0.015
2026-04-07 19:08:03,480 36 INFO ? odoo.modules.loading: loading 1 modules... 
2026-04-07 19:08:03,483 36 INFO ? odoo.modules.loading: 1 modules loaded in 0.00s, 0 queries (+0 extra) 
2026-04-07 19:08:03,486 36 WARNING ? odoo.modules.graph: module auto_database_backup: not installable, skipped 
2026-04-07 19:08:03,492 36 INFO ? odoo.modules.loading: loading 205 modules... 
2026-04-07 19:08:03,494 36 CRITICAL ? odoo.modules.module: Couldn't load module base_view_inheritance_extension 
2026-04-07 19:08:03,495 36 WARNING ? odoo.modules.loading: Transient module states were reset 
2026-04-07 19:08:03,495 36 ERROR ? odoo.modules.registry: Failed to load registry 
Traceback (most recent call last):
  File "/usr/lib/python3/dist-packages/odoo/modules/registry.py", line 87, in __new__
    return cls.registries[db_name]
  File "<decorator-gen-5>", line 2, in __getitem__
  File "/usr/lib/python3/dist-packages/odoo/tools/func.py", line 87, in locked
    return func(inst, *args, **kwargs)
  File "/usr/lib/python3/dist-packages/odoo/tools/lru.py", line 34, in __getitem__
    a = self.d[obj]
KeyError: 'const_copy'

During handling of the above exception, another exception occurred:

Traceback (most recent call last):
  File "/usr/lib/python3/dist-packages/odoo/modules/registry.py", line 110, in new
    odoo.modules.load_modules(registry, force_demo, status, update_module)
  File "/usr/lib/python3/dist-packages/odoo/modules/loading.py", line 481, in load_modules
    processed_modules += load_marked_modules(env, graph,
  File "/usr/lib/python3/dist-packages/odoo/modules/loading.py", line 366, in load_marked_modules
    loaded, processed = load_module_graph(
  File "/usr/lib/python3/dist-packages/odoo/modules/loading.py", line 187, in load_module_graph
    load_openerp_module(package.name)
  File "/usr/lib/python3/dist-packages/odoo/modules/module.py", line 395, in load_openerp_module
    __import__(qualname)
  File "/mnt/extra-addons2/account_ce_addons/base_view_inheritance_extension/__init__.py", line 1, in <module>
    from . import models
  File "/mnt/extra-addons2/account_ce_addons/base_view_inheritance_extension/models/__init__.py", line 1, in <module>
    from . import ir_ui_view
  File "/mnt/extra-addons2/account_ce_addons/base_view_inheritance_extension/models/ir_ui_view.py", line 10, in <module>
    import astor
ModuleNotFoundError: No module named 'astor'
2026-04-07 19:08:03,495 36 ERROR ? odoo.http: Exception during request handling. 
Traceback (most recent call last):
  File "/usr/lib/python3/dist-packages/odoo/modules/registry.py", line 87, in __new__
    return cls.registries[db_name]
  File "<decorator-gen-5>", line 2, in __getitem__
  File "/usr/lib/python3/dist-packages/odoo/tools/func.py", line 87, in locked
    return func(inst, *args, **kwargs)
  File "/usr/lib/python3/dist-packages/odoo/tools/lru.py", line 34, in __getitem__
    a = self.d[obj]
KeyError: 'const_copy'

During handling of the above exception, another exception occurred:

Traceback (most recent call last):
  File "/usr/lib/python3/dist-packages/odoo/http.py", line 2410, in __call__
    response = request._serve_db()
  File "/usr/lib/python3/dist-packages/odoo/http.py", line 1963, in _serve_db
    self.registry = Registry(self.db).check_signaling()
  File "/usr/lib/python3/dist-packages/odoo/modules/registry.py", line 89, in __new__
    return cls.new(db_name)
  File "<decorator-gen-16>", line 2, in new
  File "/usr/lib/python3/dist-packages/odoo/tools/func.py", line 87, in locked
    return func(inst, *args, **kwargs)
  File "/usr/lib/python3/dist-packages/odoo/modules/registry.py", line 110, in new
    odoo.modules.load_modules(registry, force_demo, status, update_module)
  File "/usr/lib/python3/dist-packages/odoo/modules/loading.py", line 481, in load_modules
    processed_modules += load_marked_modules(env, graph,
  File "/usr/lib/python3/dist-packages/odoo/modules/loading.py", line 366, in load_marked_modules
    loaded, processed = load_module_graph(
  File "/usr/lib/python3/dist-packages/odoo/modules/loading.py", line 187, in load_module_graph
    load_openerp_module(package.name)
  File "/usr/lib/python3/dist-packages/odoo/modules/module.py", line 395, in load_openerp_module
    __import__(qualname)
  File "/mnt/extra-addons2/account_ce_addons/base_view_inheritance_extension/__init__.py", line 1, in <module>
    from . import models
  File "/mnt/extra-addons2/account_ce_addons/base_view_inheritance_extension/models/__init__.py", line 1, in <module>
    from . import ir_ui_view
  File "/mnt/extra-addons2/account_ce_addons/base_view_inheritance_extension/models/ir_ui_view.py", line 10, in <module>
    import astor
ModuleNotFoundError: No module named 'astor'
2026-04-07 19:08:03,495 36 INFO ? werkzeug: 172.16.31.134 - - [07/Apr/2026 19:08:03] "GET /favicon.ico HTTP/1.1" 500 - 14 0.004 0.014
2026-04-07 19:08:07,033 36 INFO ? odoo.modules.loading: loading 1 modules... 
2026-04-07 19:08:07,036 36 INFO ? odoo.modules.loading: 1 modules loaded in 0.00s, 0 queries (+0 extra) 
2026-04-07 19:08:07,038 36 WARNING ? odoo.modules.graph: module auto_database_backup: not installable, skipped 
2026-04-07 19:08:07,045 36 INFO ? odoo.modules.loading: loading 205 modules... 
2026-04-07 19:08:07,047 36 CRITICAL ? odoo.modules.module: Couldn't load module base_view_inheritance_extension 
2026-04-07 19:08:07,048 36 WARNING ? odoo.modules.loading: Transient module states were reset 
2026-04-07 19:08:07,048 36 ERROR ? odoo.modules.registry: Failed to load registry 
Traceback (most recent call last):
  File "/usr/lib/python3/dist-packages/odoo/modules/registry.py", line 87, in __new__
    return cls.registries[db_name]
  File "<decorator-gen-5>", line 2, in __getitem__
  File "/usr/lib/python3/dist-packages/odoo/tools/func.py", line 87, in locked
    return func(inst, *args, **kwargs)
  File "/usr/lib/python3/dist-packages/odoo/tools/lru.py", line 34, in __getitem__
    a = self.d[obj]
KeyError: 'const_copy'

During handling of the above exception, another exception occurred:

Traceback (most recent call last):
  File "/usr/lib/python3/dist-packages/odoo/modules/registry.py", line 110, in new
    odoo.modules.load_modules(registry, force_demo, status, update_module)
  File "/usr/lib/python3/dist-packages/odoo/modules/loading.py", line 481, in load_modules
    processed_modules += load_marked_modules(env, graph,
  File "/usr/lib/python3/dist-packages/odoo/modules/loading.py", line 366, in load_marked_modules
    loaded, processed = load_module_graph(
  File "/usr/lib/python3/dist-packages/odoo/modules/loading.py", line 187, in load_module_graph
    load_openerp_module(package.name)
  File "/usr/lib/python3/dist-packages/odoo/modules/module.py", line 395, in load_openerp_module
    __import__(qualname)
  File "/mnt/extra-addons2/account_ce_addons/base_view_inheritance_extension/__init__.py", line 1, in <module>
    from . import models
  File "/mnt/extra-addons2/account_ce_addons/base_view_inheritance_extension/models/__init__.py", line 1, in <module>
    from . import ir_ui_view
  File "/mnt/extra-addons2/account_ce_addons/base_view_inheritance_extension/models/ir_ui_view.py", line 10, in <module>
    import astor
ModuleNotFoundError: No module named 'astor'
2026-04-07 19:08:07,048 36 ERROR ? odoo.http: Exception during request handling. 
Traceback (most recent call last):
  File "/usr/lib/python3/dist-packages/odoo/modules/registry.py", line 87, in __new__
    return cls.registries[db_name]
  File "<decorator-gen-5>", line 2, in __getitem__
  File "/usr/lib/python3/dist-packages/odoo/tools/func.py", line 87, in locked
    return func(inst, *args, **kwargs)
  File "/usr/lib/python3/dist-packages/odoo/tools/lru.py", line 34, in __getitem__
    a = self.d[obj]
KeyError: 'const_copy'

During handling of the above exception, another exception occurred:

Traceback (most recent call last):
  File "/usr/lib/python3/dist-packages/odoo/http.py", line 2410, in __call__
    response = request._serve_db()
  File "/usr/lib/python3/dist-packages/odoo/http.py", line 1963, in _serve_db
    self.registry = Registry(self.db).check_signaling()
  File "/usr/lib/python3/dist-packages/odoo/modules/registry.py", line 89, in __new__
    return cls.new(db_name)
  File "<decorator-gen-16>", line 2, in new
  File "/usr/lib/python3/dist-packages/odoo/tools/func.py", line 87, in locked
    return func(inst, *args, **kwargs)
  File "/usr/lib/python3/dist-packages/odoo/modules/registry.py", line 110, in new
    odoo.modules.load_modules(registry, force_demo, status, update_module)
  File "/usr/lib/python3/dist-packages/odoo/modules/loading.py", line 481, in load_modules
    processed_modules += load_marked_modules(env, graph,
  File "/usr/lib/python3/dist-packages/odoo/modules/loading.py", line 366, in load_marked_modules
    loaded, processed = load_module_graph(
  File "/usr/lib/python3/dist-packages/odoo/modules/loading.py", line 187, in load_module_graph
    load_openerp_module(package.name)
  File "/usr/lib/python3/dist-packages/odoo/modules/module.py", line 395, in load_openerp_module
    __import__(qualname)
  File "/mnt/extra-addons2/account_ce_addons/base_view_inheritance_extension/__init__.py", line 1, in <module>
    from . import models
  File "/mnt/extra-addons2/account_ce_addons/base_view_inheritance_extension/models/__init__.py", line 1, in <module>
    from . import ir_ui_view
  File "/mnt/extra-addons2/account_ce_addons/base_view_inheritance_extension/models/ir_ui_view.py", line 10, in <module>
    import astor
ModuleNotFoundError: No module named 'astor'
2026-04-07 19:08:07,048 36 INFO ? werkzeug: 172.16.31.134 - - [07/Apr/2026 19:08:07] "GET / HTTP/1.1" 500 - 14 0.004 0.014
2026-04-07 19:08:07,120 32 INFO ? odoo.modules.loading: loading 1 modules... 
2026-04-07 19:08:07,124 32 INFO ? odoo.modules.loading: 1 modules loaded in 0.00s, 0 queries (+0 extra) 
2026-04-07 19:08:07,127 32 WARNING ? odoo.modules.graph: module auto_database_backup: not installable, skipped 
2026-04-07 19:08:07,134 32 INFO ? odoo.modules.loading: loading 205 modules... 
2026-04-07 19:08:07,136 32 CRITICAL ? odoo.modules.module: Couldn't load module base_view_inheritance_extension 
2026-04-07 19:08:07,137 32 WARNING ? odoo.modules.loading: Transient module states were reset 
2026-04-07 19:08:07,137 32 ERROR ? odoo.modules.registry: Failed to load registry 
Traceback (most recent call last):
  File "/usr/lib/python3/dist-packages/odoo/modules/registry.py", line 87, in __new__
    return cls.registries[db_name]
  File "<decorator-gen-5>", line 2, in __getitem__
  File "/usr/lib/python3/dist-packages/odoo/tools/func.py", line 87, in locked
    return func(inst, *args, **kwargs)
  File "/usr/lib/python3/dist-packages/odoo/tools/lru.py", line 34, in __getitem__
    a = self.d[obj]
KeyError: 'const_copy'

During handling of the above exception, another exception occurred:

Traceback (most recent call last):
  File "/usr/lib/python3/dist-packages/odoo/modules/registry.py", line 110, in new
    odoo.modules.load_modules(registry, force_demo, status, update_module)
  File "/usr/lib/python3/dist-packages/odoo/modules/loading.py", line 481, in load_modules
    processed_modules += load_marked_modules(env, graph,
  File "/usr/lib/python3/dist-packages/odoo/modules/loading.py", line 366, in load_marked_modules
    loaded, processed = load_module_graph(
  File "/usr/lib/python3/dist-packages/odoo/modules/loading.py", line 187, in load_module_graph
    load_openerp_module(package.name)
  File "/usr/lib/python3/dist-packages/odoo/modules/module.py", line 395, in load_openerp_module
    __import__(qualname)
  File "/mnt/extra-addons2/account_ce_addons/base_view_inheritance_extension/__init__.py", line 1, in <module>
    from . import models
  File "/mnt/extra-addons2/account_ce_addons/base_view_inheritance_extension/models/__init__.py", line 1, in <module>
    from . import ir_ui_view
  File "/mnt/extra-addons2/account_ce_addons/base_view_inheritance_extension/models/ir_ui_view.py", line 10, in <module>
    import astor
ModuleNotFoundError: No module named 'astor'
2026-04-07 19:08:07,137 32 ERROR ? odoo.http: Exception during request handling. 
Traceback (most recent call last):
  File "/usr/lib/python3/dist-packages/odoo/modules/registry.py", line 87, in __new__
    return cls.registries[db_name]
  File "<decorator-gen-5>", line 2, in __getitem__
  File "/usr/lib/python3/dist-packages/odoo/tools/func.py", line 87, in locked
    return func(inst, *args, **kwargs)
  File "/usr/lib/python3/dist-packages/odoo/tools/lru.py", line 34, in __getitem__
    a = self.d[obj]
KeyError: 'const_copy'

During handling of the above exception, another exception occurred:

Traceback (most recent call last):
  File "/usr/lib/python3/dist-packages/odoo/http.py", line 2410, in __call__
    response = request._serve_db()
  File "/usr/lib/python3/dist-packages/odoo/http.py", line 1963, in _serve_db
    self.registry = Registry(self.db).check_signaling()
  File "/usr/lib/python3/dist-packages/odoo/modules/registry.py", line 89, in __new__
    return cls.new(db_name)
  File "<decorator-gen-16>", line 2, in new
  File "/usr/lib/python3/dist-packages/odoo/tools/func.py", line 87, in locked
    return func(inst, *args, **kwargs)
  File "/usr/lib/python3/dist-packages/odoo/modules/registry.py", line 110, in new
    odoo.modules.load_modules(registry, force_demo, status, update_module)
  File "/usr/lib/python3/dist-packages/odoo/modules/loading.py", line 481, in load_modules
    processed_modules += load_marked_modules(env, graph,
  File "/usr/lib/python3/dist-packages/odoo/modules/loading.py", line 366, in load_marked_modules
    loaded, processed = load_module_graph(
  File "/usr/lib/python3/dist-packages/odoo/modules/loading.py", line 187, in load_module_graph
    load_openerp_module(package.name)
  File "/usr/lib/python3/dist-packages/odoo/modules/module.py", line 395, in load_openerp_module
    __import__(qualname)
  File "/mnt/extra-addons2/account_ce_addons/base_view_inheritance_extension/__init__.py", line 1, in <module>
    from . import models
  File "/mnt/extra-addons2/account_ce_addons/base_view_inheritance_extension/models/__init__.py", line 1, in <module>
    from . import ir_ui_view
  File "/mnt/extra-addons2/account_ce_addons/base_view_inheritance_extension/models/ir_ui_view.py", line 10, in <module>
    import astor
ModuleNotFoundError: No module named 'astor'
2026-04-07 19:08:07,137 32 INFO ? werkzeug: 172.16.31.134 - - [07/Apr/2026 19:08:07] "GET /favicon.ico HTTP/1.1" 500 - 14 0.005 0.017
2026-04-23 22:16:41,754 12 WARNING ? py.warnings: /usr/lib/python3/dist-packages/odoo/tools/config.py:580: DeprecationWarning: The longpolling-port is a deprecated alias to the gevent-port option, please use the latter.
  File "/usr/bin/odoo", line 8, in <module>
    odoo.cli.main()
  File "/usr/lib/python3/dist-packages/odoo/cli/command.py", line 76, in main
    o.run(args)
  File "/usr/lib/python3/dist-packages/odoo/cli/server.py", line 186, in run
    main(args)
  File "/usr/lib/python3/dist-packages/odoo/cli/server.py", line 133, in main
    odoo.tools.config.parse_config(args)
  File "/usr/lib/python3/dist-packages/odoo/tools/config.py", line 391, in parse_config
    self._warn_deprecated_options()
  File "/usr/lib/python3/dist-packages/odoo/tools/config.py", line 580, in _warn_deprecated_options
    warnings.warn(
 
2026-04-23 22:16:41,754 12 WARNING ? py.warnings: /usr/lib/python3/dist-packages/odoo/tools/config.py:580: DeprecationWarning: The longpolling-port is a deprecated alias to the gevent-port option, please use the latter.
  File "/usr/bin/odoo", line 8, in <module>
    odoo.cli.main()
  File "/usr/lib/python3/dist-packages/odoo/cli/command.py", line 76, in main
    o.run(args)
  File "/usr/lib/python3/dist-packages/odoo/cli/server.py", line 186, in run
    main(args)
  File "/usr/lib/python3/dist-packages/odoo/cli/server.py", line 133, in main
    odoo.tools.config.parse_config(args)
  File "/usr/lib/python3/dist-packages/odoo/tools/config.py", line 391, in parse_config
    self._warn_deprecated_options()
  File "/usr/lib/python3/dist-packages/odoo/tools/config.py", line 580, in _warn_deprecated_options
    warnings.warn(
 
2026-04-23 22:16:41,759 12 INFO ? odoo: Odoo version 17.0-20260421 
2026-04-23 22:16:41,759 12 INFO ? odoo: Odoo version 17.0-20260421 
2026-04-23 22:16:41,760 12 INFO ? odoo: Using configuration file at /etc/odoo/odoo.conf 
2026-04-23 22:16:41,760 12 INFO ? odoo: Using configuration file at /etc/odoo/odoo.conf 
2026-04-23 22:16:41,760 12 INFO ? odoo: addons paths: ['/usr/lib/python3/dist-packages/odoo/addons', '/var/lib/odoo/addons/17.0', '/mnt/extra-addons', '/mnt/addon_tools', '/mnt/extra-addons2/odoo17_sales_sys'] 
2026-04-23 22:16:41,760 12 INFO ? odoo: addons paths: ['/usr/lib/python3/dist-packages/odoo/addons', '/var/lib/odoo/addons/17.0', '/mnt/extra-addons', '/mnt/addon_tools', '/mnt/extra-addons2/odoo17_sales_sys'] 
2026-04-23 22:16:41,760 12 INFO ? odoo: database: odoo@pgbouncer:6432 
2026-04-23 22:16:41,760 12 INFO ? odoo: database: odoo@pgbouncer:6432 
2026-04-23 22:16:41,779 12 WARNING ? py.warnings: /usr/lib/python3/dist-packages/odoo/tools/config.py:580: DeprecationWarning: The longpolling-port is a deprecated alias to the gevent-port option, please use the latter.
  File "/usr/bin/odoo", line 8, in <module>
    odoo.cli.main()
  File "/usr/lib/python3/dist-packages/odoo/cli/command.py", line 76, in main
    o.run(args)
  File "/usr/lib/python3/dist-packages/odoo/cli/server.py", line 186, in run
    main(args)
  File "/usr/lib/python3/dist-packages/odoo/cli/server.py", line 133, in main
    odoo.tools.config.parse_config(args)
  File "/usr/lib/python3/dist-packages/odoo/tools/config.py", line 391, in parse_config
    self._warn_deprecated_options()
  File "/usr/lib/python3/dist-packages/odoo/tools/config.py", line 580, in _warn_deprecated_options
    warnings.warn(
 
2026-04-23 22:16:41,781 12 INFO ? odoo: Odoo version 17.0-20260421 
2026-04-23 22:16:41,781 12 INFO ? odoo: Using configuration file at /etc/odoo/odoo.conf 
2026-04-23 22:16:41,782 12 INFO ? odoo: addons paths: ['/usr/lib/python3/dist-packages/odoo/addons', '/var/lib/odoo/addons/17.0', '/mnt/extra-addons', '/mnt/addon_tools', '/mnt/extra-addons2/odoo17_sales_sys'] 
2026-04-23 22:16:41,782 12 INFO ? odoo: database: odoo@pgbouncer:6432 
2026-04-23 22:16:42,003 12 INFO ? odoo.addons.base.models.ir_actions_report: Will use the Wkhtmltopdf binary at /usr/local/bin/wkhtmltopdf 
2026-04-23 22:16:42,005 12 INFO ? odoo.addons.base.models.ir_actions_report: Will use the Wkhtmltopdf binary at /usr/local/bin/wkhtmltopdf 
2026-04-23 22:16:42,015 12 INFO ? odoo.addons.base.models.ir_actions_report: Will use the Wkhtmltopdf binary at /usr/local/bin/wkhtmltopdf 
2026-04-23 22:16:42,442 12 INFO ? odoo.service.server: HTTP service (werkzeug) running on 0.0.0.0:8069 
2026-04-23 22:16:42,443 12 INFO ? odoo.service.server: HTTP service (werkzeug) running on 0.0.0.0:8069 
2026-04-23 22:16:42,449 16 INFO ? odoo.service.server: Worker WorkerHTTP (16) alive 
2026-04-23 22:16:42,449 16 INFO ? odoo.service.server: Worker WorkerHTTP (16) alive 
2026-04-23 22:16:42,455 17 INFO ? odoo.service.server: Worker WorkerHTTP (17) alive 
2026-04-23 22:16:42,457 12 INFO ? odoo.service.server: HTTP service (werkzeug) running on 0.0.0.0:8069 
2026-04-23 22:16:42,457 17 INFO ? odoo.service.server: Worker WorkerHTTP (17) alive 
2026-04-23 22:16:42,461 19 INFO ? odoo.service.server: Worker WorkerHTTP (19) alive 
2026-04-23 22:16:42,463 20 INFO ? odoo.service.server: Worker WorkerHTTP (20) alive 
2026-04-23 22:16:42,463 16 INFO ? odoo.service.server: Worker WorkerHTTP (16) alive 
2026-04-23 22:16:42,498 20 INFO ? odoo.service.server: Worker WorkerHTTP (20) alive 
2026-04-23 22:16:42,473 17 INFO ? odoo.service.server: Worker WorkerHTTP (17) alive 
2026-04-23 22:16:42,501 24 INFO ? odoo.service.server: Worker WorkerCron (24) alive 
2026-04-23 22:16:42,505 24 INFO ? odoo.service.server: Worker WorkerCron (24) alive 
2026-04-23 22:16:42,466 21 INFO ? odoo.service.server: Worker WorkerHTTP (21) alive 
2026-04-23 22:16:42,508 24 INFO ? odoo.service.server: Worker WorkerCron (24) alive 
2026-04-23 22:16:42,474 19 INFO ? odoo.service.server: Worker WorkerHTTP (19) alive 
2026-04-23 22:16:42,474 21 INFO ? odoo.service.server: Worker WorkerHTTP (21) alive 
2026-04-23 22:16:43,083 24 INFO ? odoo.sql_db: Connection to the database failed 
2026-04-23 22:16:43,083 24 INFO ? odoo.sql_db: Connection to the database failed 
2026-04-23 22:16:43,083 24 INFO ? odoo.sql_db: Connection to the database failed 
2026-04-23 22:16:43,083 24 ERROR ? odoo.service.server: Worker (24) Exception occurred, exiting... 
Traceback (most recent call last):
  File "/usr/lib/python3/dist-packages/odoo/service/server.py", line 1150, in run
    self.start()
  File "/usr/lib/python3/dist-packages/odoo/service/server.py", line 1296, in start
    self.dbcursor = dbconn.cursor()
  File "/usr/lib/python3/dist-packages/odoo/sql_db.py", line 773, in cursor
    return Cursor(self.__pool, self.__dbname, self.__dsn)
  File "/usr/lib/python3/dist-packages/odoo/sql_db.py", line 267, in __init__
    self._cnx = pool.borrow(dsn)
  File "<decorator-gen-13>", line 2, in borrow
  File "/usr/lib/python3/dist-packages/odoo/tools/func.py", line 87, in locked
    return func(inst, *args, **kwargs)
  File "/usr/lib/python3/dist-packages/odoo/sql_db.py", line 701, in borrow
    result = psycopg2.connect(
  File "/usr/lib/python3/dist-packages/psycopg2/__init__.py", line 122, in connect
    conn = _connect(dsn, connection_factory=connection_factory, **kwasync)
psycopg2.OperationalError: could not translate host name "pgbouncer" to address: Temporary failure in name resolution

2026-04-23 22:16:43,083 24 ERROR ? odoo.service.server: Worker (24) Exception occurred, exiting... 
Traceback (most recent call last):
  File "/usr/lib/python3/dist-packages/odoo/service/server.py", line 1150, in run
    self.start()
  File "/usr/lib/python3/dist-packages/odoo/service/server.py", line 1296, in start
    self.dbcursor = dbconn.cursor()
  File "/usr/lib/python3/dist-packages/odoo/sql_db.py", line 773, in cursor
    return Cursor(self.__pool, self.__dbname, self.__dsn)
  File "/usr/lib/python3/dist-packages/odoo/sql_db.py", line 267, in __init__
    self._cnx = pool.borrow(dsn)
  File "<decorator-gen-13>", line 2, in borrow
  File "/usr/lib/python3/dist-packages/odoo/tools/func.py", line 87, in locked
    return func(inst, *args, **kwargs)
  File "/usr/lib/python3/dist-packages/odoo/sql_db.py", line 701, in borrow
    result = psycopg2.connect(
  File "/usr/lib/python3/dist-packages/psycopg2/__init__.py", line 122, in connect
    conn = _connect(dsn, connection_factory=connection_factory, **kwasync)
psycopg2.OperationalError: could not translate host name "pgbouncer" to address: Temporary failure in name resolution

2026-04-23 22:16:43,083 24 ERROR ? odoo.service.server: Worker (24) Exception occurred, exiting... 
Traceback (most recent call last):
  File "/usr/lib/python3/dist-packages/odoo/service/server.py", line 1150, in run
    self.start()
  File "/usr/lib/python3/dist-packages/odoo/service/server.py", line 1296, in start
    self.dbcursor = dbconn.cursor()
  File "/usr/lib/python3/dist-packages/odoo/sql_db.py", line 773, in cursor
    return Cursor(self.__pool, self.__dbname, self.__dsn)
  File "/usr/lib/python3/dist-packages/odoo/sql_db.py", line 267, in __init__
    self._cnx = pool.borrow(dsn)
  File "<decorator-gen-13>", line 2, in borrow
  File "/usr/lib/python3/dist-packages/odoo/tools/func.py", line 87, in locked
    return func(inst, *args, **kwargs)
  File "/usr/lib/python3/dist-packages/odoo/sql_db.py", line 701, in borrow
    result = psycopg2.connect(
  File "/usr/lib/python3/dist-packages/psycopg2/__init__.py", line 122, in connect
    conn = _connect(dsn, connection_factory=connection_factory, **kwasync)
psycopg2.OperationalError: could not translate host name "pgbouncer" to address: Temporary failure in name resolution

2026-04-23 22:16:43,762 26 INFO ? odoo.service.server: Worker WorkerCron (26) alive 
2026-04-23 22:16:43,884 26 INFO ? odoo.service.server: Worker WorkerCron (26) alive 
2026-04-23 22:16:44,079 28 INFO ? odoo.service.server: Worker WorkerCron (28) alive 
2026-04-23 22:16:44,318 23 WARNING ? py.warnings: /usr/lib/python3/dist-packages/odoo/tools/config.py:580: DeprecationWarning: The longpolling-port is a deprecated alias to the gevent-port option, please use the latter.
  File "/usr/bin/odoo", line 8, in <module>
    odoo.cli.main()
  File "/usr/lib/python3/dist-packages/odoo/cli/command.py", line 76, in main
    o.run(args)
  File "/usr/lib/python3/dist-packages/odoo/cli/server.py", line 186, in run
    main(args)
  File "/usr/lib/python3/dist-packages/odoo/cli/server.py", line 133, in main
    odoo.tools.config.parse_config(args)
  File "/usr/lib/python3/dist-packages/odoo/tools/config.py", line 391, in parse_config
    self._warn_deprecated_options()
  File "/usr/lib/python3/dist-packages/odoo/tools/config.py", line 580, in _warn_deprecated_options
    warnings.warn(
 
2026-04-23 22:16:44,318 23 INFO ? odoo: Odoo version 17.0-20260421 
2026-04-23 22:16:44,318 23 INFO ? odoo: Using configuration file at /etc/odoo/odoo.conf 
2026-04-23 22:16:44,318 23 INFO ? odoo: addons paths: ['/usr/lib/python3/dist-packages/odoo/addons', '/var/lib/odoo/addons/17.0', '/mnt/extra-addons', '/mnt/addon_tools', '/mnt/extra-addons2/odoo17_sales_sys'] 
2026-04-23 22:16:44,318 23 INFO ? odoo: database: odoo@pgbouncer:6432 
2026-04-23 22:16:44,384 21 WARNING ? py.warnings: /usr/lib/python3/dist-packages/odoo/tools/config.py:580: DeprecationWarning: The longpolling-port is a deprecated alias to the gevent-port option, please use the latter.
  File "/usr/bin/odoo", line 8, in <module>
    odoo.cli.main()
  File "/usr/lib/python3/dist-packages/odoo/cli/command.py", line 76, in main
    o.run(args)
  File "/usr/lib/python3/dist-packages/odoo/cli/server.py", line 186, in run
    main(args)
  File "/usr/lib/python3/dist-packages/odoo/cli/server.py", line 133, in main
    odoo.tools.config.parse_config(args)
  File "/usr/lib/python3/dist-packages/odoo/tools/config.py", line 391, in parse_config
    self._warn_deprecated_options()
  File "/usr/lib/python3/dist-packages/odoo/tools/config.py", line 580, in _warn_deprecated_options
    warnings.warn(
 
2026-04-23 22:16:44,385 21 INFO ? odoo: Odoo version 17.0-20260421 
2026-04-23 22:16:44,385 21 INFO ? odoo: Using configuration file at /etc/odoo/odoo.conf 
2026-04-23 22:16:44,385 21 INFO ? odoo: addons paths: ['/usr/lib/python3/dist-packages/odoo/addons', '/var/lib/odoo/addons/17.0', '/mnt/extra-addons', '/mnt/addon_tools', '/mnt/extra-addons2/odoo17_sales_sys'] 
2026-04-23 22:16:44,385 21 INFO ? odoo: database: odoo@pgbouncer:6432 
2026-04-23 22:16:44,396 22 WARNING ? py.warnings: /usr/lib/python3/dist-packages/odoo/tools/config.py:580: DeprecationWarning: The longpolling-port is a deprecated alias to the gevent-port option, please use the latter.
  File "/usr/bin/odoo", line 8, in <module>
    odoo.cli.main()
  File "/usr/lib/python3/dist-packages/odoo/cli/command.py", line 76, in main
    o.run(args)
  File "/usr/lib/python3/dist-packages/odoo/cli/server.py", line 186, in run
    main(args)
  File "/usr/lib/python3/dist-packages/odoo/cli/server.py", line 133, in main
    odoo.tools.config.parse_config(args)
  File "/usr/lib/python3/dist-packages/odoo/tools/config.py", line 391, in parse_config
    self._warn_deprecated_options()
  File "/usr/lib/python3/dist-packages/odoo/tools/config.py", line 580, in _warn_deprecated_options
    warnings.warn(
 
2026-04-23 22:16:44,396 22 INFO ? odoo: Odoo version 17.0-20260421 
2026-04-23 22:16:44,396 22 INFO ? odoo: Using configuration file at /etc/odoo/odoo.conf 
2026-04-23 22:16:44,396 22 INFO ? odoo: addons paths: ['/usr/lib/python3/dist-packages/odoo/addons', '/var/lib/odoo/addons/17.0', '/mnt/extra-addons', '/mnt/addon_tools', '/mnt/extra-addons2/odoo17_sales_sys'] 
2026-04-23 22:16:44,397 22 INFO ? odoo: database: odoo@pgbouncer:6432 
2026-04-23 22:16:44,497 23 INFO ? odoo.addons.base.models.ir_actions_report: Will use the Wkhtmltopdf binary at /usr/local/bin/wkhtmltopdf 
2026-04-23 22:16:44,580 21 INFO ? odoo.addons.base.models.ir_actions_report: Will use the Wkhtmltopdf binary at /usr/local/bin/wkhtmltopdf 
2026-04-23 22:16:44,582 22 INFO ? odoo.addons.base.models.ir_actions_report: Will use the Wkhtmltopdf binary at /usr/local/bin/wkhtmltopdf 
2026-04-23 22:16:44,678 23 INFO ? odoo.service.server: Evented Service (longpolling) running on 0.0.0.0:8072 
2026-04-23 22:16:44,775 21 INFO ? odoo.service.server: Evented Service (longpolling) running on 0.0.0.0:8072 
2026-04-23 22:16:44,844 22 INFO ? odoo.service.server: Evented Service (longpolling) running on 0.0.0.0:8072 
2026-04-23 22:24:43,905 19 INFO ? werkzeug: 172.21.0.1 - - [23/Apr/2026 22:24:43] "GET / HTTP/1.1" 303 - 1 0.001 0.035
2026-04-23 22:24:43,955 21 INFO ? werkzeug: 172.21.0.1 - - [23/Apr/2026 22:24:43] "GET /web HTTP/1.1" 303 - 2 0.002 0.040
2026-04-23 22:24:44,083 19 INFO ? werkzeug: 172.21.0.1 - - [23/Apr/2026 22:24:44] "GET /web/database/selector HTTP/1.1" 200 - 2 0.003 0.120
2026-04-23 22:24:44,705 16 ERROR ? odoo.http: Exception during request handling. 
Traceback (most recent call last):
  File "/usr/lib/python3/dist-packages/odoo/http.py", line 2406, in __call__
    if self.get_static_file(httprequest.path):
  File "/usr/lib/python3/dist-packages/odoo/http.py", line 2306, in get_static_file
    if (static != 'static' or not resource or module not in self.statics):
  File "/usr/lib/python3/dist-packages/odoo/tools/func.py", line 28, in __get__
    value = self.fget(obj)
  File "/usr/lib/python3/dist-packages/odoo/http.py", line 2275, in statics
    for module in os.listdir(addons_path):
FileNotFoundError: [Errno 2] No such file or directory: '/mnt/extra-addons2/odoo17_sales_sys'
2026-04-23 22:24:44,705 19 ERROR ? odoo.http: Exception during request handling. 
Traceback (most recent call last):
  File "/usr/lib/python3/dist-packages/odoo/http.py", line 2406, in __call__
    if self.get_static_file(httprequest.path):
  File "/usr/lib/python3/dist-packages/odoo/http.py", line 2306, in get_static_file
    if (static != 'static' or not resource or module not in self.statics):
  File "/usr/lib/python3/dist-packages/odoo/tools/func.py", line 28, in __get__
    value = self.fget(obj)
  File "/usr/lib/python3/dist-packages/odoo/http.py", line 2275, in statics
    for module in os.listdir(addons_path):
FileNotFoundError: [Errno 2] No such file or directory: '/mnt/extra-addons2/odoo17_sales_sys'
2026-04-23 22:24:44,705 20 ERROR ? odoo.http: Exception during request handling. 
Traceback (most recent call last):
  File "/usr/lib/python3/dist-packages/odoo/http.py", line 2406, in __call__
    if self.get_static_file(httprequest.path):
  File "/usr/lib/python3/dist-packages/odoo/http.py", line 2306, in get_static_file
    if (static != 'static' or not resource or module not in self.statics):
  File "/usr/lib/python3/dist-packages/odoo/tools/func.py", line 28, in __get__
    value = self.fget(obj)
  File "/usr/lib/python3/dist-packages/odoo/http.py", line 2275, in statics
    for module in os.listdir(addons_path):
FileNotFoundError: [Errno 2] No such file or directory: '/mnt/extra-addons2/odoo17_sales_sys'
2026-04-23 22:24:44,705 17 ERROR ? odoo.http: Exception during request handling. 
Traceback (most recent call last):
  File "/usr/lib/python3/dist-packages/odoo/http.py", line 2406, in __call__
    if self.get_static_file(httprequest.path):
  File "/usr/lib/python3/dist-packages/odoo/http.py", line 2306, in get_static_file
    if (static != 'static' or not resource or module not in self.statics):
  File "/usr/lib/python3/dist-packages/odoo/tools/func.py", line 28, in __get__
    value = self.fget(obj)
  File "/usr/lib/python3/dist-packages/odoo/http.py", line 2275, in statics
    for module in os.listdir(addons_path):
FileNotFoundError: [Errno 2] No such file or directory: '/mnt/extra-addons2/odoo17_sales_sys'
2026-04-23 22:24:44,707 19 INFO ? werkzeug: 172.21.0.7 - - [23/Apr/2026 22:24:44] "GET /web/static/src/libs/fontawesome/css/font-awesome.css HTTP/1.1" 500 - 1 0.001 0.590
2026-04-23 22:24:44,708 16 INFO ? werkzeug: 172.21.0.7 - - [23/Apr/2026 22:24:44] "GET /web/static/lib/bootstrap/js/dist/dom/data.js HTTP/1.1" 500 - 1 0.001 0.582
2026-04-23 22:24:44,708 17 INFO ? werkzeug: 172.21.0.7 - - [23/Apr/2026 22:24:44] "GET /web/static/lib/bootstrap/js/dist/dom/event-handler.js HTTP/1.1" 500 - 1 0.001 0.582
2026-04-23 22:24:44,708 20 INFO ? werkzeug: 172.21.0.7 - - [23/Apr/2026 22:24:44] "GET /web/static/lib/bootstrap/dist/css/bootstrap.css HTTP/1.1" 500 - 1 0.001 0.584
2026-04-23 22:24:44,760 16 ERROR ? odoo.http: Exception during request handling. 
Traceback (most recent call last):
  File "/usr/lib/python3/dist-packages/odoo/http.py", line 2406, in __call__
    if self.get_static_file(httprequest.path):
  File "/usr/lib/python3/dist-packages/odoo/http.py", line 2306, in get_static_file
    if (static != 'static' or not resource or module not in self.statics):
  File "/usr/lib/python3/dist-packages/odoo/tools/func.py", line 28, in __get__
    value = self.fget(obj)
  File "/usr/lib/python3/dist-packages/odoo/http.py", line 2275, in statics
    for module in os.listdir(addons_path):
FileNotFoundError: [Errno 2] No such file or directory: '/mnt/extra-addons2/odoo17_sales_sys'
2026-04-23 22:24:44,761 16 INFO ? werkzeug: 172.21.0.7 - - [23/Apr/2026 22:24:44] "GET /web/static/lib/bootstrap/js/dist/dom/manipulator.js HTTP/1.1" 500 - 1 0.001 0.051
2026-04-23 22:24:44,786 19 ERROR ? odoo.http: Exception during request handling. 
Traceback (most recent call last):
  File "/usr/lib/python3/dist-packages/odoo/http.py", line 2406, in __call__
    if self.get_static_file(httprequest.path):
  File "/usr/lib/python3/dist-packages/odoo/http.py", line 2306, in get_static_file
    if (static != 'static' or not resource or module not in self.statics):
  File "/usr/lib/python3/dist-packages/odoo/tools/func.py", line 28, in __get__
    value = self.fget(obj)
  File "/usr/lib/python3/dist-packages/odoo/http.py", line 2275, in statics
    for module in os.listdir(addons_path):
FileNotFoundError: [Errno 2] No such file or directory: '/mnt/extra-addons2/odoo17_sales_sys'
2026-04-23 22:24:44,786 19 INFO ? werkzeug: 172.21.0.7 - - [23/Apr/2026 22:24:44] "GET /web/static/lib/bootstrap/js/dist/dom/selector-engine.js HTTP/1.1" 500 - 1 0.001 0.078
2026-04-23 22:24:44,985 21 ERROR ? odoo.http: Exception during request handling. 
Traceback (most recent call last):
  File "/usr/lib/python3/dist-packages/odoo/http.py", line 2406, in __call__
    if self.get_static_file(httprequest.path):
  File "/usr/lib/python3/dist-packages/odoo/http.py", line 2306, in get_static_file
    if (static != 'static' or not resource or module not in self.statics):
  File "/usr/lib/python3/dist-packages/odoo/tools/func.py", line 28, in __get__
    value = self.fget(obj)
  File "/usr/lib/python3/dist-packages/odoo/http.py", line 2275, in statics
    for module in os.listdir(addons_path):
FileNotFoundError: [Errno 2] No such file or directory: '/mnt/extra-addons2/odoo17_sales_sys'
2026-04-23 22:24:44,985 20 ERROR ? odoo.http: Exception during request handling. 
Traceback (most recent call last):
  File "/usr/lib/python3/dist-packages/odoo/http.py", line 2406, in __call__
    if self.get_static_file(httprequest.path):
  File "/usr/lib/python3/dist-packages/odoo/http.py", line 2306, in get_static_file
    if (static != 'static' or not resource or module not in self.statics):
  File "/usr/lib/python3/dist-packages/odoo/tools/func.py", line 28, in __get__
    value = self.fget(obj)
  File "/usr/lib/python3/dist-packages/odoo/http.py", line 2275, in statics
    for module in os.listdir(addons_path):
FileNotFoundError: [Errno 2] No such file or directory: '/mnt/extra-addons2/odoo17_sales_sys'
2026-04-23 22:24:44,985 16 ERROR ? odoo.http: Exception during request handling. 
Traceback (most recent call last):
  File "/usr/lib/python3/dist-packages/odoo/http.py", line 2406, in __call__
    if self.get_static_file(httprequest.path):
  File "/usr/lib/python3/dist-packages/odoo/http.py", line 2306, in get_static_file
    if (static != 'static' or not resource or module not in self.statics):
  File "/usr/lib/python3/dist-packages/odoo/tools/func.py", line 28, in __get__
    value = self.fget(obj)
  File "/usr/lib/python3/dist-packages/odoo/http.py", line 2275, in statics
    for module in os.listdir(addons_path):
FileNotFoundError: [Errno 2] No such file or directory: '/mnt/extra-addons2/odoo17_sales_sys'
2026-04-23 22:24:44,986 21 INFO ? werkzeug: 172.21.0.7 - - [23/Apr/2026 22:24:44] "GET /web/static/lib/bootstrap/js/dist/modal.js HTTP/1.1" 500 - 1 0.001 0.273
2026-04-23 22:24:44,987 16 INFO ? werkzeug: 172.21.0.7 - - [23/Apr/2026 22:24:44] "GET /web/static/src/public/database_manager.js HTTP/1.1" 500 - 1 0.001 0.273
2026-04-23 22:24:44,987 20 INFO ? werkzeug: 172.21.0.7 - - [23/Apr/2026 22:24:44] "GET /web/static/lib/bootstrap/js/dist/base-component.js HTTP/1.1" 500 - 1 0.001 0.273
2026-04-23 22:24:45,273 19 ERROR ? odoo.http: Exception during request handling. 
Traceback (most recent call last):
  File "/usr/lib/python3/dist-packages/odoo/http.py", line 2406, in __call__
    if self.get_static_file(httprequest.path):
  File "/usr/lib/python3/dist-packages/odoo/http.py", line 2306, in get_static_file
    if (static != 'static' or not resource or module not in self.statics):
  File "/usr/lib/python3/dist-packages/odoo/tools/func.py", line 28, in __get__
    value = self.fget(obj)
  File "/usr/lib/python3/dist-packages/odoo/http.py", line 2275, in statics
    for module in os.listdir(addons_path):
FileNotFoundError: [Errno 2] No such file or directory: '/mnt/extra-addons2/odoo17_sales_sys'
2026-04-23 22:24:45,274 19 INFO ? werkzeug: 172.21.0.7 - - [23/Apr/2026 22:24:45] "GET /web/static/img/logo2.png HTTP/1.1" 500 - 1 0.001 0.282
2026-04-23 22:24:45,333 19 ERROR ? odoo.http: Exception during request handling. 
Traceback (most recent call last):
  File "/usr/lib/python3/dist-packages/odoo/http.py", line 2406, in __call__
    if self.get_static_file(httprequest.path):
  File "/usr/lib/python3/dist-packages/odoo/http.py", line 2306, in get_static_file
    if (static != 'static' or not resource or module not in self.statics):
  File "/usr/lib/python3/dist-packages/odoo/tools/func.py", line 28, in __get__
    value = self.fget(obj)
  File "/usr/lib/python3/dist-packages/odoo/http.py", line 2275, in statics
    for module in os.listdir(addons_path):
FileNotFoundError: [Errno 2] No such file or directory: '/mnt/extra-addons2/odoo17_sales_sys'
2026-04-23 22:24:45,334 19 INFO ? werkzeug: 172.21.0.7 - - [23/Apr/2026 22:24:45] "GET /web/static/img/favicon.ico HTTP/1.1" 500 - 1 0.001 0.045
2026-04-23 22:26:28,103 12 INFO ? odoo.service.server: Stopping gracefully 
2026-04-23 22:26:28,108 17 INFO ? odoo.service.server: Worker (17) exiting. request_count: 1, registry count: 0. 
2026-04-23 22:26:28,108 19 INFO ? odoo.service.server: Worker (19) exiting. request_count: 4, registry count: 0. 
2026-04-23 22:26:28,108 12 INFO ? odoo.service.server: Stopping gracefully 
2026-04-23 22:26:28,109 16 INFO ? odoo.service.server: Worker (16) exiting. request_count: 2, registry count: 0. 
2026-04-23 22:26:28,109 16 INFO ? odoo.service.server: Worker (16) exiting. request_count: 1, registry count: 0. 
2026-04-23 22:26:28,111 20 INFO ? odoo.service.server: Worker (20) exiting. request_count: 1, registry count: 0. 
2026-04-23 22:26:28,111 20 INFO ? odoo.service.server: Worker (20) exiting. request_count: 1, registry count: 0. 
2026-04-23 22:26:28,114 17 INFO ? odoo.service.server: Worker (17) exiting. request_count: 0, registry count: 0. 
2026-04-23 22:26:28,118 12 INFO ? odoo.service.server: Stopping gracefully 
2026-04-23 22:26:28,120 19 INFO ? odoo.service.server: Worker (19) exiting. request_count: 2, registry count: 0. 
2026-04-23 22:26:28,121 21 INFO ? odoo.service.server: Worker (21) exiting. request_count: 2, registry count: 0. 
2026-04-23 22:26:28,128 17 INFO ? odoo.service.server: Worker (17) exiting. request_count: 0, registry count: 0. 
2026-04-23 22:26:28,129 21 INFO ? odoo.service.server: Worker (21) exiting. request_count: 0, registry count: 0. 
2026-04-23 22:26:28,133 16 INFO ? odoo.service.server: Worker (16) exiting. request_count: 0, registry count: 0. 
2026-04-23 22:26:28,172 26 INFO ? odoo.service.server: Worker (26) exiting. request_count: 0, registry count: 0. 
2026-04-23 22:26:28,209 28 INFO ? odoo.service.server: Worker (28) exiting. request_count: 0, registry count: 0. 
2026-04-23 22:26:28,217 26 INFO ? odoo.service.server: Worker (26) exiting. request_count: 0, registry count: 0. 
2026-04-23 22:26:40,264 12 WARNING ? py.warnings: /usr/lib/python3/dist-packages/odoo/tools/config.py:580: DeprecationWarning: The longpolling-port is a deprecated alias to the gevent-port option, please use the latter.
  File "/usr/bin/odoo", line 8, in <module>
    odoo.cli.main()
  File "/usr/lib/python3/dist-packages/odoo/cli/command.py", line 76, in main
    o.run(args)
  File "/usr/lib/python3/dist-packages/odoo/cli/server.py", line 186, in run
    main(args)
  File "/usr/lib/python3/dist-packages/odoo/cli/server.py", line 133, in main
    odoo.tools.config.parse_config(args)
  File "/usr/lib/python3/dist-packages/odoo/tools/config.py", line 391, in parse_config
    self._warn_deprecated_options()
  File "/usr/lib/python3/dist-packages/odoo/tools/config.py", line 580, in _warn_deprecated_options
    warnings.warn(
 
2026-04-23 22:26:40,265 12 INFO ? odoo: Odoo version 17.0-20260421 
2026-04-23 22:26:40,265 12 INFO ? odoo: Using configuration file at /etc/odoo/odoo.conf 
2026-04-23 22:26:40,265 12 INFO ? odoo: addons paths: ['/usr/lib/python3/dist-packages/odoo/addons', '/var/lib/odoo/addons/17.0', '/mnt/extra-addons', '/mnt/addon_tools'] 
2026-04-23 22:26:40,265 12 INFO ? odoo: database: odoo@pgbouncer:6432 
2026-04-23 22:26:40,280 12 WARNING ? py.warnings: /usr/lib/python3/dist-packages/odoo/tools/config.py:580: DeprecationWarning: The longpolling-port is a deprecated alias to the gevent-port option, please use the latter.
  File "/usr/bin/odoo", line 8, in <module>
    odoo.cli.main()
  File "/usr/lib/python3/dist-packages/odoo/cli/command.py", line 76, in main
    o.run(args)
  File "/usr/lib/python3/dist-packages/odoo/cli/server.py", line 186, in run
    main(args)
  File "/usr/lib/python3/dist-packages/odoo/cli/server.py", line 133, in main
    odoo.tools.config.parse_config(args)
  File "/usr/lib/python3/dist-packages/odoo/tools/config.py", line 391, in parse_config
    self._warn_deprecated_options()
  File "/usr/lib/python3/dist-packages/odoo/tools/config.py", line 580, in _warn_deprecated_options
    warnings.warn(
 
2026-04-23 22:26:40,280 12 INFO ? odoo: Odoo version 17.0-20260421 
2026-04-23 22:26:40,280 12 INFO ? odoo: Using configuration file at /etc/odoo/odoo.conf 
2026-04-23 22:26:40,280 12 INFO ? odoo: addons paths: ['/usr/lib/python3/dist-packages/odoo/addons', '/var/lib/odoo/addons/17.0', '/mnt/extra-addons', '/mnt/addon_tools'] 
2026-04-23 22:26:40,280 12 INFO ? odoo: database: odoo@pgbouncer:6432 
2026-04-23 22:26:40,343 12 WARNING ? py.warnings: /usr/lib/python3/dist-packages/odoo/tools/config.py:580: DeprecationWarning: The longpolling-port is a deprecated alias to the gevent-port option, please use the latter.
  File "/usr/bin/odoo", line 8, in <module>
    odoo.cli.main()
  File "/usr/lib/python3/dist-packages/odoo/cli/command.py", line 76, in main
    o.run(args)
  File "/usr/lib/python3/dist-packages/odoo/cli/server.py", line 186, in run
    main(args)
  File "/usr/lib/python3/dist-packages/odoo/cli/server.py", line 133, in main
    odoo.tools.config.parse_config(args)
  File "/usr/lib/python3/dist-packages/odoo/tools/config.py", line 391, in parse_config
    self._warn_deprecated_options()
  File "/usr/lib/python3/dist-packages/odoo/tools/config.py", line 580, in _warn_deprecated_options
    warnings.warn(
 
2026-04-23 22:26:40,344 12 INFO ? odoo: Odoo version 17.0-20260421 
2026-04-23 22:26:40,344 12 INFO ? odoo: Using configuration file at /etc/odoo/odoo.conf 
2026-04-23 22:26:40,344 12 INFO ? odoo: addons paths: ['/usr/lib/python3/dist-packages/odoo/addons', '/var/lib/odoo/addons/17.0', '/mnt/extra-addons', '/mnt/addon_tools'] 
2026-04-23 22:26:40,344 12 INFO ? odoo: database: odoo@pgbouncer:6432 
2026-04-23 22:26:40,368 12 INFO ? odoo.addons.base.models.ir_actions_report: Will use the Wkhtmltopdf binary at /usr/local/bin/wkhtmltopdf 
2026-04-23 22:26:40,386 12 INFO ? odoo.addons.base.models.ir_actions_report: Will use the Wkhtmltopdf binary at /usr/local/bin/wkhtmltopdf 
2026-04-23 22:26:40,445 12 INFO ? odoo.addons.base.models.ir_actions_report: Will use the Wkhtmltopdf binary at /usr/local/bin/wkhtmltopdf 
2026-04-23 22:26:40,515 12 INFO ? odoo.service.server: HTTP service (werkzeug) running on 0.0.0.0:8069 
2026-04-23 22:26:40,518 16 INFO ? odoo.service.server: Worker WorkerHTTP (16) alive 
2026-04-23 22:26:40,521 17 INFO ? odoo.service.server: Worker WorkerHTTP (17) alive 
2026-04-23 22:26:40,523 19 INFO ? odoo.service.server: Worker WorkerHTTP (19) alive 
2026-04-23 22:26:40,526 21 INFO ? odoo.service.server: Worker WorkerHTTP (21) alive 
2026-04-23 22:26:40,530 25 INFO ? odoo.service.server: Worker WorkerCron (25) alive 
2026-04-23 22:26:40,539 12 INFO ? odoo.service.server: HTTP service (werkzeug) running on 0.0.0.0:8069 
2026-04-23 22:26:40,542 16 INFO ? odoo.service.server: Worker WorkerHTTP (16) alive 
2026-04-23 22:26:40,544 17 INFO ? odoo.service.server: Worker WorkerHTTP (17) alive 
2026-04-23 22:26:40,546 19 INFO ? odoo.service.server: Worker WorkerHTTP (19) alive 
2026-04-23 22:26:40,549 21 INFO ? odoo.service.server: Worker WorkerHTTP (21) alive 
2026-04-23 22:26:40,553 25 INFO ? odoo.service.server: Worker WorkerCron (25) alive 
2026-04-23 22:26:40,623 12 INFO ? odoo.service.server: HTTP service (werkzeug) running on 0.0.0.0:8069 
2026-04-23 22:26:40,626 16 INFO ? odoo.service.server: Worker WorkerHTTP (16) alive 
2026-04-23 22:26:40,629 17 INFO ? odoo.service.server: Worker WorkerHTTP (17) alive 
2026-04-23 22:26:40,631 19 INFO ? odoo.service.server: Worker WorkerHTTP (19) alive 
2026-04-23 22:26:40,634 21 INFO ? odoo.service.server: Worker WorkerHTTP (21) alive 
2026-04-23 22:26:40,638 25 INFO ? odoo.service.server: Worker WorkerCron (25) alive 
2026-04-23 22:26:40,747 25 INFO ? odoo.sql_db: Connection to the database failed 
2026-04-23 22:26:40,747 25 INFO ? odoo.sql_db: Connection to the database failed 
2026-04-23 22:26:40,748 25 INFO ? odoo.sql_db: Connection to the database failed 
2026-04-23 22:26:40,748 25 ERROR ? odoo.service.server: Worker (25) Exception occurred, exiting... 
Traceback (most recent call last):
  File "/usr/lib/python3/dist-packages/odoo/service/server.py", line 1150, in run
    self.start()
  File "/usr/lib/python3/dist-packages/odoo/service/server.py", line 1296, in start
    self.dbcursor = dbconn.cursor()
  File "/usr/lib/python3/dist-packages/odoo/sql_db.py", line 773, in cursor
    return Cursor(self.__pool, self.__dbname, self.__dsn)
  File "/usr/lib/python3/dist-packages/odoo/sql_db.py", line 267, in __init__
    self._cnx = pool.borrow(dsn)
  File "<decorator-gen-13>", line 2, in borrow
  File "/usr/lib/python3/dist-packages/odoo/tools/func.py", line 87, in locked
    return func(inst, *args, **kwargs)
  File "/usr/lib/python3/dist-packages/odoo/sql_db.py", line 701, in borrow
    result = psycopg2.connect(
  File "/usr/lib/python3/dist-packages/psycopg2/__init__.py", line 122, in connect
    conn = _connect(dsn, connection_factory=connection_factory, **kwasync)
psycopg2.OperationalError: could not translate host name "pgbouncer" to address: Temporary failure in name resolution

2026-04-23 22:26:40,749 25 ERROR ? odoo.service.server: Worker (25) Exception occurred, exiting... 
Traceback (most recent call last):
  File "/usr/lib/python3/dist-packages/odoo/service/server.py", line 1150, in run
    self.start()
  File "/usr/lib/python3/dist-packages/odoo/service/server.py", line 1296, in start
    self.dbcursor = dbconn.cursor()
  File "/usr/lib/python3/dist-packages/odoo/sql_db.py", line 773, in cursor
    return Cursor(self.__pool, self.__dbname, self.__dsn)
  File "/usr/lib/python3/dist-packages/odoo/sql_db.py", line 267, in __init__
    self._cnx = pool.borrow(dsn)
  File "<decorator-gen-13>", line 2, in borrow
  File "/usr/lib/python3/dist-packages/odoo/tools/func.py", line 87, in locked
    return func(inst, *args, **kwargs)
  File "/usr/lib/python3/dist-packages/odoo/sql_db.py", line 701, in borrow
    result = psycopg2.connect(
  File "/usr/lib/python3/dist-packages/psycopg2/__init__.py", line 122, in connect
    conn = _connect(dsn, connection_factory=connection_factory, **kwasync)
psycopg2.OperationalError: could not translate host name "pgbouncer" to address: Temporary failure in name resolution

2026-04-23 22:26:40,748 25 ERROR ? odoo.service.server: Worker (25) Exception occurred, exiting... 
Traceback (most recent call last):
  File "/usr/lib/python3/dist-packages/odoo/service/server.py", line 1150, in run
    self.start()
  File "/usr/lib/python3/dist-packages/odoo/service/server.py", line 1296, in start
    self.dbcursor = dbconn.cursor()
  File "/usr/lib/python3/dist-packages/odoo/sql_db.py", line 773, in cursor
    return Cursor(self.__pool, self.__dbname, self.__dsn)
  File "/usr/lib/python3/dist-packages/odoo/sql_db.py", line 267, in __init__
    self._cnx = pool.borrow(dsn)
  File "<decorator-gen-13>", line 2, in borrow
  File "/usr/lib/python3/dist-packages/odoo/tools/func.py", line 87, in locked
    return func(inst, *args, **kwargs)
  File "/usr/lib/python3/dist-packages/odoo/sql_db.py", line 701, in borrow
    result = psycopg2.connect(
  File "/usr/lib/python3/dist-packages/psycopg2/__init__.py", line 122, in connect
    conn = _connect(dsn, connection_factory=connection_factory, **kwasync)
psycopg2.OperationalError: could not translate host name "pgbouncer" to address: Temporary failure in name resolution

2026-04-23 22:26:41,026 26 INFO ? odoo.service.server: Worker WorkerCron (26) alive 
2026-04-23 22:26:41,030 26 INFO ? odoo.service.server: Worker WorkerCron (26) alive 
2026-04-23 22:26:41,054 26 INFO ? odoo.service.server: Worker WorkerCron (26) alive 
2026-04-23 22:26:41,102 26 INFO ? odoo.sql_db: Connection to the database failed 
2026-04-23 22:26:41,102 26 INFO ? odoo.sql_db: Connection to the database failed 
2026-04-23 22:26:41,102 26 INFO ? odoo.sql_db: Connection to the database failed 
2026-04-23 22:26:41,103 26 ERROR ? odoo.service.server: Worker (26) Exception occurred, exiting... 
Traceback (most recent call last):
  File "/usr/lib/python3/dist-packages/odoo/service/server.py", line 1150, in run
    self.start()
  File "/usr/lib/python3/dist-packages/odoo/service/server.py", line 1296, in start
    self.dbcursor = dbconn.cursor()
  File "/usr/lib/python3/dist-packages/odoo/sql_db.py", line 773, in cursor
    return Cursor(self.__pool, self.__dbname, self.__dsn)
  File "/usr/lib/python3/dist-packages/odoo/sql_db.py", line 267, in __init__
    self._cnx = pool.borrow(dsn)
  File "<decorator-gen-13>", line 2, in borrow
  File "/usr/lib/python3/dist-packages/odoo/tools/func.py", line 87, in locked
    return func(inst, *args, **kwargs)
  File "/usr/lib/python3/dist-packages/odoo/sql_db.py", line 701, in borrow
    result = psycopg2.connect(
  File "/usr/lib/python3/dist-packages/psycopg2/__init__.py", line 122, in connect
    conn = _connect(dsn, connection_factory=connection_factory, **kwasync)
psycopg2.OperationalError: could not translate host name "pgbouncer" to address: Temporary failure in name resolution

2026-04-23 22:26:41,103 26 ERROR ? odoo.service.server: Worker (26) Exception occurred, exiting... 
Traceback (most recent call last):
  File "/usr/lib/python3/dist-packages/odoo/service/server.py", line 1150, in run
    self.start()
  File "/usr/lib/python3/dist-packages/odoo/service/server.py", line 1296, in start
    self.dbcursor = dbconn.cursor()
  File "/usr/lib/python3/dist-packages/odoo/sql_db.py", line 773, in cursor
    return Cursor(self.__pool, self.__dbname, self.__dsn)
  File "/usr/lib/python3/dist-packages/odoo/sql_db.py", line 267, in __init__
    self._cnx = pool.borrow(dsn)
  File "<decorator-gen-13>", line 2, in borrow
  File "/usr/lib/python3/dist-packages/odoo/tools/func.py", line 87, in locked
    return func(inst, *args, **kwargs)
  File "/usr/lib/python3/dist-packages/odoo/sql_db.py", line 701, in borrow
    result = psycopg2.connect(
  File "/usr/lib/python3/dist-packages/psycopg2/__init__.py", line 122, in connect
    conn = _connect(dsn, connection_factory=connection_factory, **kwasync)
psycopg2.OperationalError: could not translate host name "pgbouncer" to address: Temporary failure in name resolution

2026-04-23 22:26:41,103 26 ERROR ? odoo.service.server: Worker (26) Exception occurred, exiting... 
Traceback (most recent call last):
  File "/usr/lib/python3/dist-packages/odoo/service/server.py", line 1150, in run
    self.start()
  File "/usr/lib/python3/dist-packages/odoo/service/server.py", line 1296, in start
    self.dbcursor = dbconn.cursor()
  File "/usr/lib/python3/dist-packages/odoo/sql_db.py", line 773, in cursor
    return Cursor(self.__pool, self.__dbname, self.__dsn)
  File "/usr/lib/python3/dist-packages/odoo/sql_db.py", line 267, in __init__
    self._cnx = pool.borrow(dsn)
  File "<decorator-gen-13>", line 2, in borrow
  File "/usr/lib/python3/dist-packages/odoo/tools/func.py", line 87, in locked
    return func(inst, *args, **kwargs)
  File "/usr/lib/python3/dist-packages/odoo/sql_db.py", line 701, in borrow
    result = psycopg2.connect(
  File "/usr/lib/python3/dist-packages/psycopg2/__init__.py", line 122, in connect
    conn = _connect(dsn, connection_factory=connection_factory, **kwasync)
psycopg2.OperationalError: could not translate host name "pgbouncer" to address: Temporary failure in name resolution

2026-04-23 22:26:41,402 29 INFO ? odoo.service.server: Worker WorkerCron (29) alive 
2026-04-23 22:26:41,402 29 INFO ? odoo.service.server: Worker WorkerCron (29) alive 
2026-04-23 22:26:41,418 29 INFO ? odoo.service.server: Worker WorkerCron (29) alive 
2026-04-23 22:26:41,496 22 WARNING ? py.warnings: /usr/lib/python3/dist-packages/odoo/tools/config.py:580: DeprecationWarning: The longpolling-port is a deprecated alias to the gevent-port option, please use the latter.
  File "/usr/bin/odoo", line 8, in <module>
    odoo.cli.main()
  File "/usr/lib/python3/dist-packages/odoo/cli/command.py", line 76, in main
    o.run(args)
  File "/usr/lib/python3/dist-packages/odoo/cli/server.py", line 186, in run
    main(args)
  File "/usr/lib/python3/dist-packages/odoo/cli/server.py", line 133, in main
    odoo.tools.config.parse_config(args)
  File "/usr/lib/python3/dist-packages/odoo/tools/config.py", line 391, in parse_config
    self._warn_deprecated_options()
  File "/usr/lib/python3/dist-packages/odoo/tools/config.py", line 580, in _warn_deprecated_options
    warnings.warn(
 
2026-04-23 22:26:41,496 22 INFO ? odoo: Odoo version 17.0-20260421 
2026-04-23 22:26:41,496 22 INFO ? odoo: Using configuration file at /etc/odoo/odoo.conf 
2026-04-23 22:26:41,496 22 INFO ? odoo: addons paths: ['/usr/lib/python3/dist-packages/odoo/addons', '/var/lib/odoo/addons/17.0', '/mnt/extra-addons', '/mnt/addon_tools'] 
2026-04-23 22:26:41,496 22 INFO ? odoo: database: odoo@pgbouncer:6432 
2026-04-23 22:26:41,496 23 WARNING ? py.warnings: /usr/lib/python3/dist-packages/odoo/tools/config.py:580: DeprecationWarning: The longpolling-port is a deprecated alias to the gevent-port option, please use the latter.
  File "/usr/bin/odoo", line 8, in <module>
    odoo.cli.main()
  File "/usr/lib/python3/dist-packages/odoo/cli/command.py", line 76, in main
    o.run(args)
  File "/usr/lib/python3/dist-packages/odoo/cli/server.py", line 186, in run
    main(args)
  File "/usr/lib/python3/dist-packages/odoo/cli/server.py", line 133, in main
    odoo.tools.config.parse_config(args)
  File "/usr/lib/python3/dist-packages/odoo/tools/config.py", line 391, in parse_config
    self._warn_deprecated_options()
  File "/usr/lib/python3/dist-packages/odoo/tools/config.py", line 580, in _warn_deprecated_options
    warnings.warn(
 
2026-04-23 22:26:41,497 23 INFO ? odoo: Odoo version 17.0-20260421 
2026-04-23 22:26:41,497 23 INFO ? odoo: Using configuration file at /etc/odoo/odoo.conf 
2026-04-23 22:26:41,497 23 INFO ? odoo: addons paths: ['/usr/lib/python3/dist-packages/odoo/addons', '/var/lib/odoo/addons/17.0', '/mnt/extra-addons', '/mnt/addon_tools'] 
2026-04-23 22:26:41,497 23 INFO ? odoo: database: odoo@pgbouncer:6432 
2026-04-23 22:26:41,573 23 WARNING ? py.warnings: /usr/lib/python3/dist-packages/odoo/tools/config.py:580: DeprecationWarning: The longpolling-port is a deprecated alias to the gevent-port option, please use the latter.
  File "/usr/bin/odoo", line 8, in <module>
    odoo.cli.main()
  File "/usr/lib/python3/dist-packages/odoo/cli/command.py", line 76, in main
    o.run(args)
  File "/usr/lib/python3/dist-packages/odoo/cli/server.py", line 186, in run
    main(args)
  File "/usr/lib/python3/dist-packages/odoo/cli/server.py", line 133, in main
    odoo.tools.config.parse_config(args)
  File "/usr/lib/python3/dist-packages/odoo/tools/config.py", line 391, in parse_config
    self._warn_deprecated_options()
  File "/usr/lib/python3/dist-packages/odoo/tools/config.py", line 580, in _warn_deprecated_options
    warnings.warn(
 
2026-04-23 22:26:41,573 23 INFO ? odoo: Odoo version 17.0-20260421 
2026-04-23 22:26:41,573 23 INFO ? odoo: Using configuration file at /etc/odoo/odoo.conf 
2026-04-23 22:26:41,574 23 INFO ? odoo: addons paths: ['/usr/lib/python3/dist-packages/odoo/addons', '/var/lib/odoo/addons/17.0', '/mnt/extra-addons', '/mnt/addon_tools'] 
2026-04-23 22:26:41,574 23 INFO ? odoo: database: odoo@pgbouncer:6432 
2026-04-23 22:26:41,630 23 INFO ? odoo.addons.base.models.ir_actions_report: Will use the Wkhtmltopdf binary at /usr/local/bin/wkhtmltopdf 
2026-04-23 22:26:41,651 22 INFO ? odoo.addons.base.models.ir_actions_report: Will use the Wkhtmltopdf binary at /usr/local/bin/wkhtmltopdf 
2026-04-23 22:26:41,727 23 INFO ? odoo.addons.base.models.ir_actions_report: Will use the Wkhtmltopdf binary at /usr/local/bin/wkhtmltopdf 
2026-04-23 22:26:41,803 23 INFO ? odoo.service.server: Evented Service (longpolling) running on 0.0.0.0:8072 
2026-04-23 22:26:41,831 22 INFO ? odoo.service.server: Evented Service (longpolling) running on 0.0.0.0:8072 
2026-04-23 22:26:41,903 23 INFO ? odoo.service.server: Evented Service (longpolling) running on 0.0.0.0:8072 
2026-04-23 22:26:45,407 29 INFO ? odoo.sql_db: Connection to the database failed 
2026-04-23 22:26:45,407 29 INFO ? odoo.sql_db: Connection to the database failed 
2026-04-23 22:26:45,407 29 ERROR ? odoo.service.server: Worker (29) Exception occurred, exiting... 
Traceback (most recent call last):
  File "/usr/lib/python3/dist-packages/odoo/service/server.py", line 1150, in run
    self.start()
  File "/usr/lib/python3/dist-packages/odoo/service/server.py", line 1296, in start
    self.dbcursor = dbconn.cursor()
  File "/usr/lib/python3/dist-packages/odoo/sql_db.py", line 773, in cursor
    return Cursor(self.__pool, self.__dbname, self.__dsn)
  File "/usr/lib/python3/dist-packages/odoo/sql_db.py", line 267, in __init__
    self._cnx = pool.borrow(dsn)
  File "<decorator-gen-13>", line 2, in borrow
  File "/usr/lib/python3/dist-packages/odoo/tools/func.py", line 87, in locked
    return func(inst, *args, **kwargs)
  File "/usr/lib/python3/dist-packages/odoo/sql_db.py", line 701, in borrow
    result = psycopg2.connect(
  File "/usr/lib/python3/dist-packages/psycopg2/__init__.py", line 122, in connect
    conn = _connect(dsn, connection_factory=connection_factory, **kwasync)
psycopg2.OperationalError: could not translate host name "pgbouncer" to address: Temporary failure in name resolution

2026-04-23 22:26:45,407 29 ERROR ? odoo.service.server: Worker (29) Exception occurred, exiting... 
Traceback (most recent call last):
  File "/usr/lib/python3/dist-packages/odoo/service/server.py", line 1150, in run
    self.start()
  File "/usr/lib/python3/dist-packages/odoo/service/server.py", line 1296, in start
    self.dbcursor = dbconn.cursor()
  File "/usr/lib/python3/dist-packages/odoo/sql_db.py", line 773, in cursor
    return Cursor(self.__pool, self.__dbname, self.__dsn)
  File "/usr/lib/python3/dist-packages/odoo/sql_db.py", line 267, in __init__
    self._cnx = pool.borrow(dsn)
  File "<decorator-gen-13>", line 2, in borrow
  File "/usr/lib/python3/dist-packages/odoo/tools/func.py", line 87, in locked
    return func(inst, *args, **kwargs)
  File "/usr/lib/python3/dist-packages/odoo/sql_db.py", line 701, in borrow
    result = psycopg2.connect(
  File "/usr/lib/python3/dist-packages/psycopg2/__init__.py", line 122, in connect
    conn = _connect(dsn, connection_factory=connection_factory, **kwasync)
psycopg2.OperationalError: could not translate host name "pgbouncer" to address: Temporary failure in name resolution

2026-04-23 22:26:45,422 29 INFO ? odoo.sql_db: Connection to the database failed 
2026-04-23 22:26:45,423 29 ERROR ? odoo.service.server: Worker (29) Exception occurred, exiting... 
Traceback (most recent call last):
  File "/usr/lib/python3/dist-packages/odoo/service/server.py", line 1150, in run
    self.start()
  File "/usr/lib/python3/dist-packages/odoo/service/server.py", line 1296, in start
    self.dbcursor = dbconn.cursor()
  File "/usr/lib/python3/dist-packages/odoo/sql_db.py", line 773, in cursor
    return Cursor(self.__pool, self.__dbname, self.__dsn)
  File "/usr/lib/python3/dist-packages/odoo/sql_db.py", line 267, in __init__
    self._cnx = pool.borrow(dsn)
  File "<decorator-gen-13>", line 2, in borrow
  File "/usr/lib/python3/dist-packages/odoo/tools/func.py", line 87, in locked
    return func(inst, *args, **kwargs)
  File "/usr/lib/python3/dist-packages/odoo/sql_db.py", line 701, in borrow
    result = psycopg2.connect(
  File "/usr/lib/python3/dist-packages/psycopg2/__init__.py", line 122, in connect
    conn = _connect(dsn, connection_factory=connection_factory, **kwasync)
psycopg2.OperationalError: could not translate host name "pgbouncer" to address: Temporary failure in name resolution

2026-04-23 22:26:45,631 32 INFO ? odoo.service.server: Worker WorkerCron (32) alive 
2026-04-23 22:26:45,636 32 INFO ? odoo.service.server: Worker WorkerCron (32) alive 
2026-04-23 22:26:45,639 32 INFO ? odoo.service.server: Worker WorkerCron (32) alive 
2026-04-23 22:26:49,500 21 INFO ? werkzeug: 172.21.0.1 - - [23/Apr/2026 22:26:49] "GET /web/database/selector HTTP/1.1" 200 - 2 0.027 0.148
2026-04-23 22:26:49,992 19 INFO ? werkzeug: 172.21.0.7 - - [23/Apr/2026 22:26:49] "GET /web/static/lib/bootstrap/js/dist/dom/data.js HTTP/1.1" 200 - 1 0.001 0.437
2026-04-23 22:26:50,001 21 INFO ? werkzeug: 172.21.0.7 - - [23/Apr/2026 22:26:50] "GET /web/static/src/libs/fontawesome/css/font-awesome.css HTTP/1.1" 200 - 1 0.001 0.466
2026-04-23 22:26:50,006 19 INFO ? werkzeug: 172.21.0.7 - - [23/Apr/2026 22:26:50] "GET /web/static/lib/bootstrap/js/dist/dom/selector-engine.js HTTP/1.1" 200 - 1 0.009 0.004
2026-04-23 22:26:50,031 21 INFO ? werkzeug: 172.21.0.7 - - [23/Apr/2026 22:26:50] "GET /web/static/lib/bootstrap/dist/css/bootstrap.css HTTP/1.1" 200 - 1 0.001 0.487
2026-04-23 22:26:50,059 16 INFO ? werkzeug: 172.21.0.7 - - [23/Apr/2026 22:26:50] "GET /web/static/lib/bootstrap/js/dist/dom/event-handler.js HTTP/1.1" 200 - 1 0.001 0.508
2026-04-23 22:26:50,102 17 INFO ? werkzeug: 172.21.0.7 - - [23/Apr/2026 22:26:50] "GET /web/static/lib/bootstrap/js/dist/dom/manipulator.js HTTP/1.1" 200 - 1 0.003 0.548
2026-04-23 22:26:50,283 19 INFO ? werkzeug: 172.21.0.7 - - [23/Apr/2026 22:26:50] "GET /web/static/lib/bootstrap/js/dist/modal.js HTTP/1.1" 200 - 1 0.001 0.271
2026-04-23 22:26:50,289 16 INFO ? werkzeug: 172.21.0.7 - - [23/Apr/2026 22:26:50] "GET /web/static/lib/bootstrap/js/dist/base-component.js HTTP/1.1" 200 - 1 0.001 0.291
2026-04-23 22:26:50,320 19 INFO ? werkzeug: 172.21.0.7 - - [23/Apr/2026 22:26:50] "GET /web/static/src/public/database_manager.js HTTP/1.1" 200 - 1 0.001 0.304
2026-04-23 22:26:50,352 17 INFO ? werkzeug: 172.21.0.7 - - [23/Apr/2026 22:26:50] "GET /web/static/src/libs/fontawesome/fonts/fontawesome-webfont.woff2?v=4.7.0 HTTP/1.1" 200 - 1 0.001 0.007
2026-04-23 22:26:50,599 21 INFO ? werkzeug: 172.21.0.7 - - [23/Apr/2026 22:26:50] "GET /web/static/img/logo2.png HTTP/1.1" 200 - 1 0.001 0.311
2026-04-23 22:26:50,618 16 INFO ? werkzeug: 172.21.0.7 - - [23/Apr/2026 22:26:50] "GET /web/static/img/favicon.ico HTTP/1.1" 200 - 1 0.001 0.005
